symbol,side,strategy_id,entry_time,exit_time,entry_price,exit_price,pnl,pnl_pct,reason,bars_held,breakeven_activated,confidence,flip_level,flip_breached_bar,flip_breached_before_exit,flip_timing,would_pass_production,production_min_confidence,run,closed,won,meta_ema_50,meta_ema_200,meta_macd,meta_macd_signal,meta_macd_hist,meta_macd_hist_prev,meta_rsi,meta_atr,meta_trend_strength,meta_cross_strength,meta_rsi_room,meta_flip_level,meta_bb_width,meta_bb_width_percentile,meta_resistance_level,meta_support_level,meta_breakout_level,meta_volume,meta_volume_ma_20,meta_volume_ratio,meta_squeeze_intensity,meta_volume_strength,meta_macd_strength,meta_suggested_take_profit,meta_suggested_stop_loss
BTC/USDT,long,trend_momentum,2024-10-04 04:00:00,2024-10-04 08:00:00,60951.99,61449.84,0.0408,0.8168,flip_level,1,False,0.630136,62765.241593,1.0,True,before_exit,True,0.45,A2,True,True,62765.24159251154,61416.80444250302,-883.6807874375882,-917.9946875045966,34.31390006700849,-2.330458056003181,40.113543560462794,949.1959639615426,0.4391101628450568,0.4825710326726635,0.3314409406589534,62765.24159251154,,,,,,,,,,,,,
BTC/USDT,long,trend_momentum,2024-10-11 16:00:00,2024-10-14 12:00:00,62259.04,65631.315454,0.2708,5.4165,take_profit,17,True,0.633007,61897.859751,,False,never,True,0.45,A2,True,True,61897.85975074297,61598.0734470002,-331.31511285630404,-402.99238105898,71.67726820267598,-46.97827933905097,56.53100373124869,808.3387760201776,0.09733625971296465,1.0,0.05781660447918853,61897.85975074297,,,,,,,,,,,,,
BTC/USDT,long,trend_momentum,2024-10-24 16:00:00,2024-10-25 16:00:00,67701.21,66198.53688,-0.111,-2.2196,stop_loss,6,False,0.796649,67042.094076,6.0,True,before_exit,True,0.45,A2,True,False,67042.0940764329,64415.596674946166,-146.52044290806225,-194.47478381982813,47.95434091176588,-6.599482685234648,55.75777101052302,734.2862953321473,0.8154849250999127,0.9286878963933889,0.07070381649128296,67042.0940764329,,,,,,,,,,,,,
BTC/USDT,long,trend_momentum,2024-10-27 16:00:00,2024-10-29 00:00:00,67792.0,70388.293855,0.1915,3.8298,take_profit,8,True,0.743233,67196.312008,,False,never,True,0.45,A2,True,True,67196.31200756422,64903.423101875436,-31.92622962759924,-74.08160485249265,42.155375224893405,-2.0794456032087965,56.67498781191785,663.6852687388517,0.7065540756116238,0.8331287228989975,0.05541686980136914,67196.31200756422,,,,,,,,,,,,,
BTC/USDT,long,trend_momentum,2024-11-05 08:00:00,2024-11-05 16:00:00,68894.0,68995.99,0.0074,0.148,flip_level,2,False,0.750801,69133.634056,2.0,True,before_exit,True,0.45,A2,True,True,69133.63405605551,66876.48096700571,-406.78531444490363,-425.1390273493979,18.353712904494273,-41.88414127373085,48.75928918929213,923.0133409358275,0.6750214892925926,0.8157771332583204,0.18734518017846444,69133.63405605551,,,,,,,,,,,,,
BTC/USDT,long,trend_momentum,2024-11-27 20:00:00,2024-12-01 20:00:00,96627.99,97185.18,0.0288,0.5766,time_stop,24,False,0.857017,94538.203111,,False,never,True,0.45,A2,True,True,94538.20311100164,84686.79389931433,-556.3784839159343,-755.8350175684046,199.45653365247028,-23.191268281841417,57.19303702718652,1687.2264160662746,1.0,1.0,0.046782716213558,94538.20311100164,,,,,,,,,,,,,
BTC/USDT,long,trend_momentum,2024-12-01 20:00:00,2024-12-02 08:00:00,97178.73,95126.516779,-0.1056,-2.1118,stop_loss,3,False,0.647266,95776.482105,3.0,True,before_exit,True,0.45,A2,True,False,95776.48210543698,87196.94897494465,371.0621239919128,362.70784317944145,8.354280812471359,-4.119199940784881,56.29987983423817,1025.3463496614659,1.0,0.1520642361161006,0.06166866942936385,95776.48210543698,,,,,,,,,,,,,
BTC/USDT,long,trend_momentum,2024-12-04 12:00:00,2024-12-05 00:00:00,96190.41,101212.094488,0.261,5.2206,take_profit,3,True,0.680449,95859.148283,,False,never,True,0.45,A2,True,True,95859.14828324497,88494.03271665749,-69.42996176274028,-78.10748586876923,8.677524106028955,-14.58035159172259,50.91030914837203,1259.1004391649135,1.0,0.23089774030633636,0.15149484752713285,95859.14828324497,,,,,,,,,,,,,
BTC/USDT,long,trend_momentum,2024-12-21 12:00:00,2024-12-21 16:00:00,98262.08,97269.03,-0.0505,-1.0106,flip_level,1,False,0.766784,100661.367134,1.0,True,before_exit,True,0.45,A2,True,False,100661.36713359864,96336.83989421254,-1526.770042771066,-1544.9102146619584,18.14017189089236,-90.62971062601719,44.68573510799768,2206.4704170157634,0.8977930445164842,0.6161983958526175,0.2552377482000387,100661.36713359864,,,,,,,,,,,,,
BTC/USDT,long,trend_momentum,2024-12-23 04:00:00,2024-12-23 08:00:00,96025.15,95932.42,-0.0048,-0.0966,flip_level,1,False,0.654015,99221.46227,1.0,True,before_exit,True,0.45,A2,True,False,99221.46226964727,96339.0370767979,-1434.9207770561043,-1447.0165017037634,12.095724647659154,-53.764444690134496,41.87962684832597,1886.1895404898053,0.5983919458425973,0.4364630908241802,0.30200621919456716,99221.46226964727,,,,,,,,,,,,,
BTC/USDT,long,trend_momentum,2024-12-24 08:00:00,2024-12-24 12:00:00,94233.2,94233.2,0.0,0.0,breakeven,1,True,0.542992,98047.422698,2.0,False,after_exit,True,0.45,A2,True,False,98047.42269761565,96210.3122954412,-1437.746505910647,-1466.093905606949,28.347399696301864,-0.7554964490100247,40.376747172573886,1876.7082853329364,0.3818946968040355,0.19384270035972123,0.32705421379043526,98047.42269761565,,,,,,,,,,,,,
BTC/USDT,long,trend_momentum,2024-12-29 04:00:00,2024-12-29 08:00:00,95172.41,95032.57,-0.0073,-0.1469,flip_level,1,False,0.515191,96651.01816,1.0,True,before_exit,True,0.45,A2,True,False,96651.01816020226,96236.54067097227,-579.3231157112459,-583.5126684250548,4.189552713808894,-39.85744420486242,46.31874893399177,1257.5872850133278,0.08613723775609665,0.4378125224743794,0.22802085110013717,96651.01816020226,,,,,,,,,,,,,
BTC/USDT,long,trend_momentum,2025-01-24 12:00:00,2025-01-26 20:00:00,105420.11,102620.0,-0.1328,-2.6561,flip_level,14,False,0.6797,102969.793753,14.0,True,before_exit,True,0.45,A2,True,False,102969.79375301544,99088.57798079011,257.8992406215548,226.48268566984027,31.416554951714517,-55.701704043705604,55.4270179665083,2223.8325669101464,0.7833830803339951,0.4896853538554872,0.07621636722486164,102969.79375301544,,,,,,,,,,,,,
BTC/USDT,long,trend_momentum,2025-01-28 12:00:00,2025-01-28 16:00:00,102762.02,102424.24,-0.0164,-0.3287,flip_level,1,False,0.711578,103027.724724,1.0,True,before_exit,True,0.45,A2,True,False,103027.72472389502,100001.25503045625,-662.5428993552487,-675.7659801594076,13.22308080415894,-85.9033465737366,49.1029265800222,1692.6055226961073,0.6052863421598135,0.7320550037258506,0.18161789033296336,103027.72472389502,,,,,,,,,,,,,
BTC/USDT,long,trend_momentum,2025-02-03 20:00:00,2025-02-04 00:00:00,101879.99,100629.7,-0.0614,-1.2272,flip_level,1,False,0.652095,101302.452957,1.0,True,before_exit,True,0.45,A2,True,False,101302.45295663169,100490.00069857479,-1401.8886368523526,-1461.0961409655033,59.20750411315066,-359.06901736551185,55.33177573875123,2255.3106949967782,0.1616981296465302,1.0,0.07780373768747945,101302.45295663169,,,,,,,,,,,,,
BTC/USDT,short,trend_momentum,2025-02-08 12:00:00,2025-02-12 12:00:00,96120.0,95816.18,0.0158,0.3161,time_stop,24,False,0.458571,98745.321342,,False,never,True,0.45,A2,True,True,98745.32134157079,99814.9777284845,-683.7542127524794,-671.3375634600018,-12.416649292477587,11.762437755098517,41.92032300730241,1505.5302900851282,0.2143278316052694,0.20075224662375385,0.03200538345504012,98745.32134157079,,,,,,,,,,,,,
BTC/USDT,short,trend_momentum,2025-02-13 16:00:00,2025-02-14 16:00:00,95998.0,98508.135649,-0.1307,-2.6148,stop_loss,6,False,0.519294,97273.598505,6.0,True,before_exit,True,0.45,A2,True,False,97273.59850491238,98988.23823519684,-212.96051165486278,-191.48316861623405,-21.47734303862873,6.743293234064566,45.15736817721212,1263.594580006708,0.34643302292348277,0.27917020141602183,0.08595613628686867,97273.59850491238,,,,,,,,,,,,,
BTC/USDT,short,trend_momentum,2025-02-16 16:00:00,2025-02-18 16:00:00,96911.01,93642.307103,0.1686,3.3729,take_profit,12,True,0.597369,97270.629897,24.0,False,after_exit,True,0.45,A2,True,True,97270.6298971072,98699.1227005352,132.81752487141057,159.30420203730253,-26.48667716589196,15.466980487758434,47.34254579496914,836.9507800219809,0.2894641338935135,0.6265848998394589,0.12237576324948568,97270.6298971072,,,,,,,,,,,,,
BTC/USDT,short,trend_momentum,2025-03-04 00:00:00,2025-03-05 08:00:00,86221.16,89814.26,-0.2084,-4.1673,flip_level,8,False,0.861898,88884.433336,8.0,True,before_exit,True,0.45,A2,True,False,88884.43333575364,93986.94462115788,640.9409004813933,641.5450680085485,-0.6041675271551412,306.6856040242459,44.759335624365285,2483.958506405384,1.0,1.0,0.07932226040608809,88884.43333575364,,,,,,,,,,,,,
BTC/USDT,short,trend_momentum,2025-03-07 04:00:00,2025-03-07 08:00:00,86991.26,88966.96,-0.1136,-2.2711,flip_level,1,False,0.845908,88664.741312,1.0,True,before_exit,True,0.45,A2,True,False,88664.74131181616,92980.24413664422,555.783919913607,649.4177807455013,-93.63386083189437,149.85051112728206,45.53683674709287,2704.5251815452343,0.9282623131180369,1.0,0.09228061245154784,88664.74131181616,,,,,,,,,,,,,
BTC/USDT,short,trend_momentum,2025-03-16 12:00:00,2025-03-16 16:00:00,82410.01,84783.540558,-0.144,-2.8801,stop_loss,1,False,0.859069,83869.080628,7.0,False,after_exit,True,0.45,A2,True,False,83869.08062814447,88895.23884648977,244.84687634609872,246.80913078138096,-1.962254435282233,149.7852622164157,43.627451253600796,1192.751069712926,1.0,1.0,0.0604575208933466,83869.08062814447,,,,,,,,,,,,,
BTC/USDT,short,trend_momentum,2025-03-18 04:00:00,2025-03-19 08:00:00,83147.6,83881.4,-0.0441,-0.8825,flip_level,7,False,0.748365,83753.760509,7.0,True,before_exit,True,0.45,A2,True,False,83753.76050918901,88381.73643427793,104.38604096062772,123.09072905028121,-18.704688089653487,32.29260912194371,47.62313817652725,1232.4686429071137,1.0,0.5172271268835911,0.1270523029421208,83753.76050918901,,,,,,,,,,,,,
BTC/USDT,short,trend_momentum,2025-03-21 04:00:00,2025-03-21 08:00:00,84451.97,84046.52,0.024,0.4801,flip_level,1,False,0.681646,84036.783794,1.0,True,before_exit,True,0.45,A2,True,True,84036.78379395904,87688.43356321445,377.47927526001877,404.7138777663623,-27.23460250634355,9.73245819777219,51.89417188467777,1232.98278943931,0.832869198563786,0.374772675465793,0.1982361980779628,84036.78379395904,,,,,,,,,,,,,
BTC/USDT,short,trend_momentum,2025-03-26 04:00:00,2025-03-26 08:00:00,87153.5,87954.96,-0.046,-0.9196,flip_level,1,False,0.672581,85514.821215,1.0,True,before_exit,True,0.45,A2,True,False,85514.82121508835,87195.84162404238,792.974517700859,797.1954412212616,-4.220923520402607,53.04292891382761,57.32824436159014,978.5763176453187,0.385573526820694,0.7314689130738968,0.28880407269316893,85514.82121508835,,,,,,,,,,,,,
BTC/USDT,short,trend_momentum,2025-03-26 16:00:00,2025-03-26 20:00:00,86752.52,86909.17,-0.009,-0.1806,flip_level,1,False,0.712666,85750.345954,1.0,True,before_exit,True,0.45,A2,True,False,85750.34595407447,87208.12169426952,702.348975596964,783.0747115500542,-80.72573595309018,8.418019861767561,51.63429410303932,998.6686770651472,0.3343210957588695,1.0,0.19390490171732205,85750.34595407447,,,,,,,,,,,,,
BTC/USDT,short,trend_momentum,2025-04-03 08:00:00,2025-04-06 20:00:00,83456.76,77669.905456,0.3467,6.934,take_profit,21,True,0.637996,84324.680697,,False,never,True,0.45,A2,True,True,84324.68069749691,86101.96689423635,94.41813904790615,113.534962219292,-19.116823171385846,61.685829542659576,46.62351546055369,1500.9816080987405,0.4128328912445351,0.6729150800221689,0.11039192434256151,84324.68069749691,,,,,,,,,,,,,
BTC/USDT,short,trend_momentum,2025-04-13 20:00:00,2025-04-14 00:00:00,83981.32,84566.03,-0.0348,-0.6962,flip_level,1,False,0.65627,82232.653279,1.0,True,before_exit,True,0.45,A2,True,False,82232.65327881231,83972.27822631662,1081.8234423410904,1099.1781087662434,-17.354666425153027,59.89262169681865,56.41299917510072,1493.2973475219799,0.41433315476228394,0.6466167659957176,0.2735499862516787,82232.65327881231,,,,,,,,,,,,,
BTC/USDT,short,trend_momentum,2025-04-20 08:00:00,2025-04-20 12:00:00,84784.01,84344.66,0.0259,0.5182,flip_level,1,False,0.51215,84191.560118,1.0,True,before_exit,True,0.45,A2,True,True,84191.560117966,84191.94122319057,229.37973976247304,244.99596640192655,-15.616226639453515,12.96413698807686,51.67797140854488,671.8712735502106,9.053247116906852e-05,0.5317306445569162,0.1946328568090813,84191.560117966,,,,,,,,,,,,,
BTC/USDT,long,trend_momentum,2025-05-16 16:00:00,2025-05-18 20:00:00,104183.32,104183.32,0.0,0.0,breakeven,13,True,0.709923,102333.165807,,False,never,True,0.45,A2,True,False,102333.16580670739,95878.80882375054,248.98035354905005,217.22027290611302,31.760080642937027,-5.605139887560739,57.005556111917926,1139.8898148541668,1.0,0.4097459689040002,0.049907398134701235,102333.16580670739,,,,,,,,,,,,,
BTC/USDT,long,trend_momentum,2025-05-19 20:00:00,2025-05-22 00:00:00,105517.64,110963.244093,0.258,5.1608,take_profit,13,True,0.796788,103204.182309,,False,never,True,0.45,A2,True,True,103204.18230886693,97266.66211256039,330.47357163041306,246.33776601722184,84.13580561319122,-1.6547109881300912,57.69061514765565,1403.5303326735554,1.0,0.7640600509671633,0.03848974753907252,103204.18230886693,,,,,,,,,,,,,
BTC/USDT,long,trend_momentum,2025-05-26 08:00:00,2025-05-28 12:00:00,110094.62,107479.959581,-0.1187,-2.3749,stop_loss,13,False,0.850816,107488.965061,13.0,True,before_exit,True,0.45,A2,True,False,107488.96506110337,100895.3264518374,240.64830955889192,200.0786109011726,40.56969865771933,-74.62219483154195,59.67340823405322,1360.414841015863,1.0,1.0,0.005443196099113005,107488.96506110337,,,,,,,,,,,,,
BTC/USDT,long,trend_momentum,2025-06-01 04:00:00,2025-06-01 08:00:00,104381.03,104082.68,-0.0143,-0.2858,flip_level,1,False,0.70622,106557.775123,1.0,True,before_exit,True,0.45,A2,True,False,106557.77512292331,102654.21535598821,-1034.8065436933248,-1044.0145533584134,9.208009665088639,-30.348873225213083,38.79214059575338,1093.2701540311587,0.7605259566590974,0.4522770829383486,0.3534643234041103,106557.77512292331,,,,,,,,,,,,,
BTC/USDT,long,trend_momentum,2025-06-06 20:00:00,2025-06-07 00:00:00,104219.8,104871.58,0.0313,0.6254,flip_level,1,False,0.585961,105015.908721,1.0,True,before_exit,True,0.45,A2,True,True,105015.90872099719,103224.7597061598,-421.2378837992437,-465.45662495260956,44.21874115336584,-2.476832260291701,48.782368691717636,1204.4156436435946,0.34703864071683577,0.48462893250450306,0.18696052180470607,105015.90872099719,,,,,,,,,,,,,
BTC/USDT,long,trend_momentum,2025-06-15 08:00:00,2025-06-15 12:00:00,105428.0,105564.0,0.0064,0.129,flip_level,1,False,0.59576,106259.026156,1.0,True,before_exit,True,0.45,A2,True,True,106259.02615564853,104606.29652645085,-569.1842635973444,-579.7354115316932,10.551147934348819,-30.69323173076964,44.58406294815306,1005.1981263669377,0.3159904678930624,0.5128886856139866,0.25693228419744896,106259.02615564853,,,,,,,,,,,,,
BTC/USDT,long,trend_momentum,2025-06-20 08:00:00,2025-06-20 12:00:00,105811.74,104217.99,-0.0753,-1.5062,flip_level,1,False,0.649492,105557.415154,1.0,True,before_exit,True,0.45,A2,True,False,105557.41515443621,104815.7360467044,-295.72561257201596,-382.0140294196599,86.28841684764393,-10.276086507628179,54.35517579074518,1043.7656997106528,0.14152056469866758,1.0,0.09408040348758036,105557.41515443621,,,,,,,,,,,,,
BTC/USDT,long,trend_momentum,2025-07-09 00:00:00,2025-07-09 16:00:00,108922.99,111920.264469,0.1376,2.7517,take_profit,4,True,0.554436,108142.149461,,False,never,True,0.45,A2,True,True,108142.14946051328,106447.65328941758,102.90255511179566,92.38056177765999,10.521993334135672,-16.488864611297984,55.30139888977675,746.3431262631564,0.31837172896401594,0.45238672727974216,0.07831001850372085,108142.14946051328,,,,,,,,,,,,,
BTC/USDT,long,trend_momentum,2025-07-21 08:00:00,2025-07-21 16:00:00,119364.18,116959.860528,-0.1007,-2.0143,stop_loss,2,False,0.836574,117587.555628,2.0,True,before_exit,True,0.45,A2,True,False,117587.5556280345,112224.15618181348,54.617820950224996,6.708122562872405,47.90969838735259,-44.149227125525556,58.091689460093704,1184.6458695232004,0.9558368944261559,0.9713760023272849,0.03180517566510493,117587.5556280345,,,,,,,,,,,,,
BTC/USDT,long,trend_momentum,2025-07-22 12:00:00,2025-07-25 00:00:00,119154.99,116341.303865,-0.1181,-2.3614,stop_loss,15,False,0.831366,117653.860581,15.0,True,before_exit,True,0.45,A2,True,False,117653.86058083316,112604.12574284693,-40.78498841566034,-72.23049013303905,31.44550171737872,-76.36170551397562,56.27452395318709,1359.4056111006091,0.8969005007007067,0.9913083184207885,0.062091267446881794,117653.86058083316,,,,,,,,,,,,,
BTC/USDT,long,trend_momentum,2025-07-26 12:00:00,2025-07-29 12:00:00,117776.1,117400.01,-0.016,-0.3193,flip_level,18,False,0.706415,117714.3043,18.0,True,before_exit,True,0.45,A2,True,False,117714.3043003085,113736.06263240699,-311.7944064154144,-330.507575288485,18.713168873070572,-44.705992092694714,50.62106136214725,1253.7134994165629,0.6995567765976081,0.6323131340940183,0.15631564396421246,117714.3043003085,,,,,,,,,,,,,
BTC/USDT,long,trend_momentum,2025-07-31 08:00:00,2025-07-31 16:00:00,118665.98,116785.79,-0.0792,-1.5844,flip_level,2,False,0.669179,118053.126845,2.0,True,before_exit,True,0.45,A2,True,False,118053.12684484154,114873.37516959538,-23.092464922141517,-44.38577165388922,21.293306731747705,-35.02128870146319,54.73120582397844,1049.9886818563957,0.5536098631300193,0.6704190769662136,0.08781323626702596,118053.12684484154,,,,,,,,,,,,,
BTC/USDT,long,trend_momentum,2025-08-03 12:00:00,2025-08-03 16:00:00,113862.19,114313.19,0.0198,0.3961,flip_level,1,False,0.688971,116063.476022,1.0,True,before_exit,True,0.45,A2,True,True,116063.47602191089,114815.24847791268,-1130.29798608493,-1143.2253727008062,12.92738661587623,-72.26831491841972,40.45721295397014,1129.290031945152,0.21743236382723657,0.9430228188097761,0.32571311743383097,116063.47602191089,,,,,,,,,,,,,
BTC/USDT,long,trend_momentum,2025-08-17 12:00:00,2025-08-17 16:00:00,118308.0,117570.07,-0.0312,-0.6237,flip_level,1,False,0.677532,118340.64782,1.0,True,before_exit,True,0.45,A2,True,False,118340.6478195382,116514.1640684656,-421.28592166329327,-427.44001178771265,6.154090124419383,-59.968561938944106,49.161225103505274,930.5516914188033,0.3135213243257396,0.8882184175409282,0.1806462482749121,118340.6478195382,,,,,,,,,,,,,
BTC/USDT,long,trend_momentum,2025-08-21 00:00:00,2025-08-21 04:00:00,114271.23,113896.03,-0.0164,-0.3283,flip_level,1,False,0.598826,116281.227638,1.0,True,before_exit,True,0.45,A2,True,False,116281.2276379176,116213.7633895741,-1029.8087589294591,-1093.3537813229668,63.54502239350768,-6.5539698120546745,41.939767898567496,1091.0786419222109,0.01161037150433668,0.8030928009238781,0.3010038683572084,116281.2276379176,,,,,,,,,,,,,
BTC/USDT,short,trend_momentum,2025-09-04 16:00:00,2025-09-04 20:00:00,109510.32,111735.912476,-0.1016,-2.0323,stop_loss,1,False,0.719106,110678.918257,1.0,True,before_exit,True,0.45,A2,True,False,110678.918257236,113223.73732722661,258.0475689034065,354.258079041873,-96.21051013846647,26.137899830736615,42.6904032923661,1132.6167178458763,0.4495204150761884,1.0,0.04484005487276832,110678.918257236,,,,,,,,,,,,,
BTC/USDT,short,trend_momentum,2025-09-06 00:00:00,2025-09-07 08:00:00,110660.0,111292.13,-0.0286,-0.5712,flip_level,8,False,0.62776,110844.968853,8.0,True,before_exit,True,0.45,A2,True,False,110844.96885282385,113073.72950861526,298.8605640763999,330.0668348359986,-31.20627075959868,35.627816377353895,49.00770633077185,1332.9499908734913,0.3942136985269596,0.6267497617554629,0.15012843884619756,110844.96885282385,,,,,,,,,,,,,
BTC/USDT,short,trend_momentum,2025-09-09 20:00:00,2025-09-10 00:00:00,111301.53,111545.88,-0.011,-0.2195,flip_level,1,False,0.604122,111205.571127,1.0,True,before_exit,True,0.45,A2,True,False,111205.57112658376,112718.89941045568,258.1937075430469,299.6131367910052,-41.419429247958305,8.416694391222904,49.195273440736415,949.5887815200545,0.26851367282451344,0.6560224358301445,0.15325455734560692,111205.57112658376,,,,,,,,,,,,,
BTC/USDT,long,trend_momentum,2025-09-24 12:00:00,2025-09-24 16:00:00,113029.45,113420.01,0.0173,0.3455,flip_level,1,False,0.648933,114265.126724,1.0,True,before_exit,True,0.45,A2,True,True,114265.12672376838,114014.02621480513,-844.1118571114785,-875.9364571966662,31.82460008518774,-54.712291790460654,44.83163518527131,936.2402357993457,0.044047301424155194,1.0,0.2528060802454782,114265.12672376838,,,,,,,,,,,,,
BTC/USDT,long,trend_momentum,2025-10-12 20:00:00,2025-10-13 00:00:00,114342.28,114821.12,0.0209,0.4188,flip_level,1,False,0.687659,117462.267043,1.0,True,before_exit,True,0.45,A2,True,True,117462.26704296628,116357.53332330231,-2398.615016137861,-2528.7502693419556,130.13525320409462,-130.65013036147457,43.924904090668804,2149.5835534242137,0.18988606721224327,1.0,0.2679182651555199,117462.26704296628,,,,,,,,,,,,,
BTC/USDT,short,trend_momentum,2025-10-22 04:00:00,2025-10-24 00:00:00,108216.03,110441.46,-0.1028,-2.0565,flip_level,11,False,0.757138,110344.493625,11.0,True,before_exit,True,0.45,A2,True,False,110344.49362456212,113603.70296202274,144.0233095301228,154.13780233397458,-10.114492803851789,144.1584090808259,45.4766590588738,1840.006032328435,0.5737857574149955,1.0,0.09127765098123,110344.49362456212,,,,,,,,,,,,,
BTC/USDT,short,trend_momentum,2025-10-28 08:00:00,2025-10-28 12:00:00,114188.38,114641.38,-0.0198,-0.3967,flip_level,1,False,0.615263,111955.273457,1.0,True,before_exit,True,0.45,A2,True,False,111955.27345743182,113030.08530543536,1105.1988546816283,1161.2657971433605,-56.0669424617322,0.9121277089716386,61.20153057616617,1081.0251168955701,0.19018155123905986,0.6588546056905373,0.35335884293610287,111955.27345743182,,,,,,,,,,,,,
BTC/USDT,short,trend_momentum,2025-11-11 20:00:00,2025-11-12 08:00:00,103126.39,105020.83,-0.0919,-1.837,flip_level,3,False,0.79851,104704.843046,3.0,True,before_exit,True,0.45,A2,True,False,104704.843046473,108804.10390378897,304.5449848091521,438.35825242037765,-133.81326761122557,4.552701861158255,44.05290854752373,1387.0661280270326,0.753512176515102,1.0,0.06754847579206213,104704.843046473,,,,,,,,,,,,,
BTC/USDT,short,trend_momentum,2025-11-29 04:00:00,2025-11-29 08:00:00,90680.26,90673.19,0.0004,0.0078,flip_level,1,False,0.833903,89744.166454,1.0,True,before_exit,True,0.45,A2,True,True,89744.1664540524,97143.47399852247,920.6017932735122,973.0158201219494,-52.41402684843729,24.938169351501188,55.549016177144885,1239.4264713311777,1.0,0.7801208662751502,0.25915026961908144,89744.1664540524,,,,,,,,,,,,,
BTC/USDT,short,trend_momentum,2025-12-05 04:00:00,2025-12-05 08:00:00,92142.75,91351.43,0.0429,0.8588,flip_level,1,False,0.771936,90686.884455,1.0,True,before_exit,True,0.45,A2,True,True,90686.88445540794,95160.60510438975,847.5521627054404,887.5542178753586,-40.00205516991821,25.875870587410077,55.74051952702747,1395.5047734758464,0.9402463643593274,0.5900904730806041,0.26234199211712456,90686.88445540794,,,,,,,,,,,,,
BTC/USDT,short,trend_momentum,2025-12-11 04:00:00,2025-12-11 20:00:00,89880.0,92725.785966,-0.1583,-3.1662,stop_loss,4,False,0.757013,91040.38496,4.0,True,before_exit,True,0.45,A2,True,False,91040.38495979116,93876.05696671123,311.87666343626915,415.0090175784364,-103.13235414216723,83.03259635326737,42.39222549303435,1471.9362892517433,0.6041310422583271,1.0,0.03987042488390588,91040.38495979116,,,,,,,,,,,,,
BTC/USDT,short,trend_momentum,2025-12-12 16:00:00,2025-12-16 16:00:00,89935.13,87585.77,0.1306,2.6123,time_stop,24,True,0.743072,91103.570257,,False,never,True,0.45,A2,True,True,91103.57025733872,93646.8631731364,89.46893298762734,156.4186943664759,-66.94976137884856,76.30014034354579,42.91220346281755,1488.161356140281,0.543166707270393,1.0,0.04853672438029252,91103.57025733872,,,,,,,,,,,,,
BTC/USDT,short,trend_momentum,2025-12-19 00:00:00,2025-12-19 12:00:00,85516.41,88670.266189,-0.1844,-3.688,stop_loss,3,False,0.646954,88321.05195,11.0,False,after_exit,True,0.45,A2,True,False,88321.05194988515,91851.12771532017,-740.4683593395603,-725.4854620521023,-14.982897287457945,34.38688457233093,41.0228198404279,1509.0956403895718,0.7686515894232668,0.408935164035098,0.017046997340464998,88321.05194988515,,,,,,,,,,,,,
BTC/USDT,short,trend_momentum,2025-12-23 04:00:00,2025-12-26 00:00:00,88170.0,88844.87,-0.0383,-0.7654,flip_level,17,False,0.683765,88411.309831,17.0,True,before_exit,True,0.45,A2,True,False,88411.30983062132,91085.12636916287,250.62110051544732,281.66498698554994,-31.04388647010262,27.13344764394344,48.54179195696083,1097.6218362203795,0.5871027784942014,0.6625384558034302,0.14236319928268049,88411.30983062132,,,,,,,,,,,,,
BTC/USDT,short,trend_momentum,2025-12-26 20:00:00,2025-12-29 00:00:00,87501.83,89547.675382,-0.1169,-2.3381,stop_loss,13,False,0.600401,88020.088341,13.0,True,before_exit,True,0.45,A2,True,False,88020.0883414217,90417.9842950162,-28.980491583730327,-28.119141032399263,-0.8613505513310642,33.27543466139221,47.06674543901868,1065.3552056591736,0.5304024353762715,0.4005329047930265,0.11777909065031136,88020.0883414217,,,,,,,,,,,,,
BTC/USDT,short,trend_momentum,2025-12-29 20:00:00,2025-12-30 12:00:00,87366.23,89085.263034,-0.0984,-1.9676,stop_loss,4,False,0.712962,87977.966985,4.0,True,before_exit,True,0.45,A2,True,False,87977.96698484542,90003.002896337,65.85824543904164,86.10245937511675,-20.244213936075113,46.7807291215955,45.5348501593406,885.163941265054,0.4499929660844668,0.9465046520348571,0.09224750265567666,87977.96698484542,,,,,,,,,,,,,
BTC/USDT,short,trend_momentum,2025-12-31 20:00:00,2026-01-01 16:00:00,87541.85,88391.15,-0.0485,-0.9702,flip_level,5,False,0.705104,88040.505396,5.0,True,before_exit,True,0.45,A2,True,False,88040.50539643022,89789.9560991118,85.23606960018515,106.618171087018,-21.382101486832852,43.744889143476,45.607908934168215,835.2523419253471,0.38967625749822365,0.9746604014330581,0.09346514890280358,88040.50539643022,,,,,,,,,,,,,
BTC/USDT,long,trend_momentum,2026-01-11 04:00:00,2026-01-11 08:00:00,90733.49,90754.99,0.0012,0.0237,flip_level,1,False,0.491412,90881.246254,1.0,True,before_exit,True,0.45,A2,True,True,90881.24625377491,90365.76232184783,-254.0400645305781,-254.1567502411836,0.11668571060550903,-19.627798530400867,46.69311392460406,774.9258974790537,0.11408832696859883,0.3184898760197273,0.2217814345899323,90881.24625377491,,,,,,,,,,,,,
BTC/USDT,long,trend_momentum,2026-01-22 08:00:00,2026-01-22 12:00:00,89818.79,89000.01,-0.0456,-0.9116,flip_level,1,False,0.56246,92242.099183,1.0,True,before_exit,True,0.45,A2,True,False,92242.09918341662,91690.42870503264,-1173.7693666025007,-1202.1296006717214,28.360234069220724,-19.419736141438534,38.341376400377015,1164.4098326112924,0.12033327495036605,0.5129204605682995,0.36097705999371643,92242.09918341662,,,,,,,,,,,,,
BTC/USDT,short,trend_momentum,2026-01-29 12:00:00,2026-01-30 00:00:00,87846.5,82965.702378,0.2778,5.5561,take_profit,3,True,0.640158,89335.318153,,False,never,True,0.45,A2,True,True,89335.3181533553,90676.02310905876,-104.25455233526009,-84.59880770468119,-19.655744630578894,49.576467310889285,41.693550805725515,1020.5432058780362,0.2957132237903633,0.8479823728029162,0.028225846762091913,89335.3181533553,,,,,,,,,,,,,
BTC/USDT,short,trend_momentum,2026-02-11 04:00:00,2026-02-15 04:00:00,68188.0,70828.42,-0.1936,-3.8723,time_stop,24,False,0.699844,71787.562425,,False,never,True,0.45,A2,True,False,71787.56242534684,81386.10030989195,-589.8880651777436,-550.0145087444116,-39.87355643333194,8.80300214928252,41.39492089398509,1578.6506648796492,1.0,0.38542851551585505,0.023248681566418128,71787.56242534684,,,,,,,,,,,,,
BTC/USDT,short,trend_momentum,2026-02-16 00:00:00,2026-02-20 00:00:00,68832.59,67366.25,0.1065,2.1303,time_stop,24,True,0.780399,69597.848983,,False,never,True,0.45,A2,True,True,69597.84898258101,78101.70161316908,257.09029260097304,265.76241133863385,-8.67211873766081,50.13107265267695,49.14072645695583,1166.3803820373175,1.0,0.6301888335050074,0.15234544094926386,69597.84898258101,,,,,,,,,,,,,
BTC/USDT,short,trend_momentum,2026-02-22 20:00:00,2026-02-23 00:00:00,67428.32,67428.32,0.0,0.0,breakeven,1,True,0.809389,68078.361471,17.0,False,after_exit,True,0.45,A2,True,False,68078.36147120991,74603.9322707552,47.801399370335275,49.769094003201424,-1.9676946328661487,45.27460626172984,45.68695501295363,756.424254077433,1.0,0.780684593334046,0.09478258354922721,68078.36147120991,,,,,,,,,,,,,
BTC/USDT,short,trend_momentum,2026-02-27 16:00:00,2026-02-28 16:00:00,66095.4,66095.4,0.0,0.0,breakeven,6,True,0.849094,66913.385675,7.0,False,after_exit,True,0.45,A2,True,False,66913.3856752926,72476.30005471052,197.1931154110789,244.9175668026511,-47.72445139157219,43.5521113810845,45.487408236547324,1211.846470353015,1.0,0.9415029564973224,0.09145680394245541,66913.3856752926,,,,,,,,,,,,,
BTC/USDT,short,trend_momentum,2026-03-06 00:00:00,2026-03-06 04:00:00,70891.02,71056.44,-0.0117,-0.2333,flip_level,1,False,0.794057,68796.239752,1.0,True,before_exit,True,0.45,A2,True,False,68796.23975234466,71240.46863314068,1234.3536048500828,1285.1146248320465,-50.76101998196373,63.658963642451,55.232206360896114,1525.2478781397706,0.6861911291973131,0.9377162989726965,0.25387010601493526,68796.23975234466,,,,,,,,,,,,,
BTC/USDT,short,trend_momentum,2026-03-14 08:00:00,2026-03-14 12:00:00,70596.68,70580.09,0.0012,0.0235,flip_level,1,False,0.597204,69807.684667,1.0,True,before_exit,True,0.45,A2,True,True,69807.68466739956,70556.48382544397,505.43512425379595,557.7669205840439,-52.331796330247926,8.15089349354173,51.79721396456262,1147.958680750332,0.21225523649872585,0.6585895777217433,0.19662023274271037,69807.68466739956,,,,,,,,,,,,,
BTC/USDT,long,trend_momentum,2026-03-21 08:00:00,2026-03-21 12:00:00,70727.33,70630.02,-0.0069,-0.1376,flip_level,1,False,0.543296,71237.560995,1.0,True,before_exit,True,0.45,A2,True,False,71237.56099548526,71004.03143515835,-504.6429621986317,-515.5372363219446,10.894274123312925,-34.373160429171435,45.93357098317941,998.4131294853006,0.0657792397436379,0.5667422785172671,0.23444048361367653,71237.56099548526,,,,,,,,,,,,,
BTC/USDT,short,trend_momentum,2026-03-26 12:00:00,2026-03-30 12:00:00,69276.01,67629.4,0.1188,2.3769,time_stop,24,True,0.624457,70479.875392,,False,never,True,0.45,A2,True,True,70479.875392231,70746.08656355306,59.442321352340514,126.8542455560401,-67.41192420369958,39.59640758256995,42.257087546808634,1091.1403746208448,0.07525820416452891,1.0,0.0376181257801439,70479.875392231,,,,,,,,,,,,,
BTC/USDT,short,trend_momentum,2026-04-02 08:00:00,2026-04-05 20:00:00,66930.79,69002.867591,-0.1548,-3.0959,stop_loss,21,False,0.673651,68010.368718,21.0,True,before_exit,True,0.45,A2,True,False,68010.36871751407,69599.40017613354,18.480783499908284,55.46439643449499,-36.9836129345867,30.31646676580641,44.208852635290405,1056.9887029296294,0.4566221704779492,0.795894027933543,0.07014754392150675,68010.36871751407,,,,,,,,,,,,,
BTC/USDT,short,trend_momentum,2026-04-07 16:00:00,2026-04-07 20:00:00,68168.11,69881.722501,-0.1257,-2.5138,stop_loss,1,False,0.671512,68002.250299,1.0,True,before_exit,True,0.45,A2,True,False,68002.25029862006,69099.1125144774,371.9970044251968,416.68480445997733,-44.68780003478054,14.036658297068811,49.96188860078688,844.7582700066994,0.3174750516882633,0.8689535873289472,0.1660314766797813,68002.25029862006,,,,,,,,,,,,,
BTC/USDT,long,trend_momentum,2026-04-21 08:00:00,2026-04-25 08:00:00,76084.34,77682.3,0.105,2.1002,time_stop,24,True,0.656131,74715.272898,,False,never,True,0.45,A2,True,True,74715.27289808933,71888.76554326538,194.48522165123723,186.05990853403216,8.425313117205064,-21.441580214885306,55.81281502369749,942.0659765921123,0.7863557910513419,0.3962951384802782,0.06978641627170852,74715.27289808933,,,,,,,,,,,,,
BTC/USDT,long,trend_momentum,2026-04-29 12:00:00,2026-04-29 16:00:00,77590.04,75917.055462,-0.1078,-2.1562,stop_loss,1,False,0.814071,77004.732697,1.0,True,before_exit,True,0.45,A2,True,False,77004.73269707308,74056.77934098688,-182.03215914114844,-183.3822798041215,1.3501206629730689,-72.27420223311546,53.98500827830129,755.3709051437639,0.7961332864646067,1.0,0.10024986202831189,77004.73269707308,,,,,,,,,,,,,
BTC/USDT,long,trend_momentum,2026-04-30 20:00:00,2026-05-03 20:00:00,76412.8,79443.991407,0.1983,3.9669,take_profit,18,True,0.665694,76746.196609,,False,never,True,0.45,A2,True,True,76746.19660881867,74209.53678676648,-317.2036230010126,-325.6811820179501,8.477559016937505,-19.88000096527503,47.060712266537635,788.1761480004476,0.6836479331062346,0.44973385794142984,0.21565479555770609,76746.19660881867,,,,,,,,,,,,,
BTC/USDT,long,trend_momentum,2026-05-10 04:00:00,2026-05-10 20:00:00,80774.99,80774.99,0.0,0.0,breakeven,4,True,0.638782,79892.062709,20.0,False,after_exit,True,0.45,A2,True,False,79892.0627085174,76662.79150671698,122.91026525640336,112.09125454082914,10.819010715574223,-2.8986681224880613,55.00105083234421,652.785492343471,0.8424611570575236,0.26267585215505523,0.0833158194609298,79892.0627085174,,,,,,,,,,,,,
BTC/USDT,long,trend_momentum,2026-05-14 20:00:00,2026-05-15 12:00:00,81419.75,79667.016602,-0.1076,-2.1527,stop_loss,4,False,0.782916,80350.198232,4.0,True,before_exit,True,0.45,A2,True,False,80350.19823224985,77644.43415658677,-127.81791042962868,-197.34427090152525,69.52636047189657,-35.186125637700655,56.52994776324435,902.9902909889477,0.6969627907149992,1.0,0.05783420394592748,80350.19823224985,,,,,,,,,,,,,
BTC/USDT,long,trend_momentum,2026-05-19 08:00:00,2026-05-19 12:00:00,77233.68,76521.23,-0.0461,-0.9225,flip_level,1,False,0.653203,78795.526278,1.0,True,before_exit,True,0.45,A2,True,False,78795.52627773586,77789.02127213066,-729.4010710680159,-730.1474075817177,0.7463365137018627,-47.04658368156811,41.125956559799526,780.6313679651437,0.25877816410213594,0.7652927194024183,0.3145673906700079,78795.52627773586,,,,,,,,,,,,,
BTC/USDT,short,trend_momentum,2026-05-26 20:00:00,2026-05-28 04:00:00,76052.0,72927.537497,0.2054,4.1083,take_profit,8,True,0.600316,77148.475366,,False,never,True,0.45,A2,True,True,77148.47536582843,77450.41614201551,-50.05103115188831,5.867563063278812,-55.91859421516712,2.3579351479020048,41.56535572138566,802.5837508636376,0.07797008492076644,0.9076393787620202,0.02608926202309429,77148.47536582843,,,,,,,,,,,,,
BTC/USDT,short,trend_momentum,2026-06-10 08:00:00,2026-06-11 16:00:00,61687.56,63894.015394,-0.1788,-3.5768,stop_loss,8,False,0.63911,64292.464422,19.0,False,after_exit,True,0.45,A2,True,False,64292.46442183302,71151.96604057078,-465.6535200938015,-458.2625508410106,-7.39096925279091,4.354700486283775,42.448085170629106,1112.6298276204857,1.0,0.131958417879584,0.040801419510485104,64292.46442183302,,,,,,,,,,,,,
BTC/USDT,short,trend_momentum,2026-06-14 20:00:00,2026-06-15 00:00:00,63801.99,65309.404949,-0.1181,-2.3626,stop_loss,1,False,0.870879,63869.110932,1.0,True,before_exit,True,0.45,A2,True,False,63869.11093151079,69338.06904190347,364.2693541078479,374.0922992685631,-9.822945160715221,40.93268452703387,51.84101775075102,657.384203442322,1.0,0.9651058966349638,0.19735029584585034,63869.11093151079,,,,,,,,,,,,,
BTC/USDT,short,trend_momentum,2026-06-16 20:00:00,2026-06-17 00:00:00,65675.89,65851.99,-0.0134,-0.2681,flip_level,1,False,0.875624,64756.673022,1.0,True,before_exit,True,0.45,A2,True,False,64756.673021862465,68982.99267571326,684.7228269869811,741.9780766455975,-57.255249658616435,3.6634487230846844,55.130569469409814,800.5587520123332,1.0,0.9511903128373178,0.2521761578234969,64756.673021862465,,,,,,,,,,,,,
BTC/USDT,short,trend_momentum,2026-07-05 16:00:00,2026-07-05 20:00:00,62740.01,63995.483135,-0.1001,-2.0011,stop_loss,1,False,0.742505,61531.298494,1.0,True,before_exit,True,0.45,A2,True,False,61531.29849408353,64011.23938519749,640.8431548218214,664.2794601936898,-23.436305371868457,7.446727071584974,60.40823682460473,653.0916881491637,0.7748454536836993,0.5910929698664275,0.3401372804100788,61531.29849408353,,,,,,,,,,,,,
BTC/USDT,short,trend_momentum,2026-07-07 04:00:00,2026-07-07 08:00:00,63191.01,63406.0,-0.017,-0.3402,flip_level,1,False,0.682043,62075.221506,1.0,True,before_exit,True,0.45,A2,True,False,62075.221505745176,63951.41767405224,559.721475092243,591.4193880271059,-31.69791293486287,7.222458900980882,55.45925617432111,829.0465809308656,0.5867567089347929,0.5868242619151657,0.25765426957201853,62075.221505745176,,,,,,,,,,,,,
BTC/USDT,short,trend_momentum,2026-07-12 08:00:00,2026-07-12 12:00:00,63885.28,64176.0,-0.0228,-0.4551,flip_level,1,False,0.575312,63159.020071,1.0,True,before_exit,True,0.45,A2,True,False,63159.02007111895,63823.30873559021,318.4235912212025,343.40227269799647,-24.978681476793952,2.385226875207195,53.58336747455813,613.8154355419629,0.20816490953902067,0.557250330627488,0.22638945790930218,63159.02007111895,,,,,,,,,,,,,
BTC/USDT,short,trend_momentum,2026-07-16 20:00:00,2026-07-17 16:00:00,64271.85,64271.85,0.0,0.0,breakeven,5,True,0.528819,63770.312296,5.0,True,before_exit,True,0.45,A2,True,False,63770.31229567883,63855.63533712352,274.200594491369,297.44674989527584,-23.24615540390687,8.565636696246372,51.56172381046527,694.051613007334,0.02672373111448287,0.5729363548755466,0.19269539684108777,63770.31229567883,,,,,,,,,,,,,
BTC/USDT,long,trend_momentum,2026-07-26 12:00:00,2026-07-26 16:00:00,64507.36,64695.52,0.0146,0.2917,flip_level,1,False,0.585795,64757.5714,1.0,True,before_exit,True,0.45,A2,True,True,64757.571400194094,64304.346947119324,-250.14781974690413,-252.598325719768,2.45050597286388,-20.09691086751178,45.80546555215254,426.8573306079807,0.1409623064666155,0.660273797109826,0.236575574130791,64757.571400194094,,,,,,,,,,,,,
BTC/USDT,long,trend_momentum,2026-07-29 08:00:00,2026-07-29 12:00:00,64561.01,63964.01,-0.0462,-0.9247,flip_level,1,False,0.634871,64519.429301,1.0,True,before_exit,True,0.45,A2,True,False,64519.42930061598,64309.640718615374,-232.25568100981764,-238.9517836934196,6.696102683601964,-55.68338159094034,52.575744049829,630.9781750076082,0.06524327601782995,1.0,0.1237375991695167,64519.42930061598,,,,,,,,,,,,,
BTC/USDT,short,trend_momentum,2026-08-07 04:00:00,2026-08-07 08:00:00,64289.99,65029.98,-0.0576,-1.151,flip_level,1,False,0.525875,64047.820109,1.0,True,before_exit,True,0.45,A2,True,False,64047.820109182,64121.94122124769,227.36638276859594,247.9590554581083,-20.59267268951237,2.5658885548799333,52.68743865360731,522.9970691466542,0.02311879854352476,0.5535059996172365,0.21145731089345515,64047.820109182,,,,,,,,,,,,,
BTC/USDT,long,trend_momentum,2026-08-31 20:00:00,2026-09-01 16:00:00,78898.06,77234.199472,-0.1054,-2.1089,stop_loss,5,False,0.760924,77486.728333,5.0,True,before_exit,True,0.45,A2,True,False,77486.72833337724,71144.65175091941,37.994135745000676,-1.606996987696534,39.60113273269721,-1.1835092597496608,56.54477326891283,836.925669142134,1.0,0.6091437312804011,0.05758711218478621,77486.72833337724,,,,,,,,,,,,,
ETH/USDT,long,trend_momentum,2024-10-04 12:00:00,2024-10-04 16:00:00,2386.2,2428.9,0.0895,1.7895,flip_level,1,False,0.66624,2507.845231,1.0,True,before_exit,True,0.45,A2,True,True,2507.8452314955193,2504.139843060659,-61.607367955879,-64.36681485074665,2.7594468948676507,-0.8255489431633549,36.463557585909754,44.204776496495825,0.029594101504581503,1.0,0.3922740402348374,2507.8452314955193,,,,,,,,,,,,,
ETH/USDT,short,trend_momentum,2024-10-08 16:00:00,2024-10-10 16:00:00,2419.49,2419.49,0.0,0.0,breakeven,12,True,0.550861,2462.52339,23.0,False,after_exit,True,0.45,A2,True,False,2462.523389637891,2488.590013634835,-1.9454916242607396,-1.4735983602493723,-0.47189326401136733,1.1983291181385671,44.648187363463684,38.13482503761479,0.20948909908122013,0.5474728088113976,0.0774697893910614,2462.523389637891,,,,,,,,,,,,,
ETH/USDT,long,trend_momentum,2024-10-27 00:00:00,2024-10-27 04:00:00,2482.51,2481.26,-0.0025,-0.0504,flip_level,1,False,0.562889,2552.199748,1.0,True,before_exit,True,0.45,A2,True,False,2552.1997475036023,2536.479815572544,-34.723532018138485,-36.32687656114008,1.6033445430015973,-0.20826747283098257,41.41070470724599,41.803045252515005,0.1239507748853116,0.5417105395340748,0.30982158821256683,2552.1997475036023,,,,,,,,,,,,,
ETH/USDT,long,trend_momentum,2024-11-16 12:00:00,2024-11-17 20:00:00,3195.34,3076.0,-0.1867,-3.7348,flip_level,8,False,0.863324,3076.58101,8.0,True,before_exit,True,0.45,A2,True,False,3076.5810097422336,2788.1308630321346,-9.14516960652736,-9.631050288831677,0.485880682304316,-7.581192640187815,54.67036845585339,89.52310763523266,1.0,1.0,0.08882719240244347,3076.5810097422336,,,,,,,,,,,,,
ETH/USDT,long,trend_momentum,2024-11-18 08:00:00,2024-11-20 16:00:00,3130.56,3058.05,-0.1158,-2.3162,flip_level,14,False,0.722558,3089.802736,14.0,True,before_exit,True,0.45,A2,True,False,3089.8027361928516,2822.168672106478,-8.284654198701901,-8.718511460791763,0.4338572620898624,-1.9851512322301659,50.94595532079878,75.65235486536608,1.0,0.3996915394479444,0.15090074465335365,3089.8027361928516,,,,,,,,,,,,,
ETH/USDT,long,trend_momentum,2024-11-21 12:00:00,2024-11-23 12:00:00,3147.74,3461.186728,0.4979,9.9578,take_profit,12,True,0.769192,3102.48439,,False,never,True,0.45,A2,True,True,3102.4843898550625,2872.8247022469586,-3.066942285969162,-5.742720307995959,2.6757780220267966,-0.6261228380581905,53.949617274825286,66.97411903657401,1.0,0.6162643323239994,0.10083971208624523,3102.4843898550625,,,,,,,,,,,,,
ETH/USDT,long,trend_momentum,2024-12-11 20:00:00,2024-12-15 20:00:00,3803.91,3959.09,0.204,4.0795,time_stop,24,True,0.870217,3781.677009,,False,never,True,0.45,A2,True,True,3781.6770091758926,3455.1709793351306,-43.521213829805674,-48.81404227673688,5.292828446931203,-3.5861734579911584,51.91325554880496,92.23097821972009,1.0,1.0,0.13477907418658397,3781.6770091758926,,,,,,,,,,,,,
ETH/USDT,long,trend_momentum,2024-12-21 08:00:00,2024-12-21 12:00:00,3523.45,3390.4,-0.1888,-3.7761,flip_level,1,False,0.788554,3703.282866,1.0,True,before_exit,True,0.45,A2,True,False,3703.282866294417,3594.6006919723673,-114.97702408802388,-119.58409661063672,4.607072522612839,-6.722403933344921,45.047907969596196,118.05108331781325,0.6046967862926417,1.0,0.2492015338400634,3703.282866294417,,,,,,,,,,,,,
ETH/USDT,short,trend_momentum,2024-12-26 16:00:00,2024-12-30 16:00:00,3344.14,3401.93,-0.0864,-1.7281,time_stop,24,False,0.671661,3490.205539,,False,never,True,0.45,A2,True,False,3490.205539466605,3540.7209521282684,-8.752101731569837,-3.8457336041259182,-4.906368127443919,1.4343657121287965,40.1303236944901,71.90811540731428,0.28533969970889417,1.0,0.002172061574835027,3490.205539466605,,,,,,,,,,,,,
ETH/USDT,short,trend_momentum,2024-12-31 04:00:00,2024-12-31 12:00:00,3340.19,3412.85,-0.1088,-2.1753,flip_level,2,False,0.618348,3412.817027,2.0,True,before_exit,True,0.45,A2,True,False,3412.8170271977683,3500.543717799899,-6.90658870158768,-5.299282236373667,-1.6073064652140125,1.0054635713791553,45.06436246930226,62.62275394137046,0.5012175117599555,0.5215296901185732,0.08440604115503766,3412.8170271977683,,,,,,,,,,,,,
ETH/USDT,short,trend_momentum,2025-01-01 00:00:00,2025-01-02 04:00:00,3337.78,3420.05,-0.1232,-2.4648,flip_level,7,False,0.615849,3405.104912,7.0,True,before_exit,True,0.45,A2,True,False,3405.104911824119,3494.212671135655,-7.008280736500183,-5.346046818054962,-1.6622339184452208,0.7578170266945286,45.10291851678785,60.21987685405128,0.5100305430612218,0.5023364110750712,0.0850486419464642,3405.104911824119,,,,,,,,,,,,,
ETH/USDT,short,trend_momentum,2025-01-05 20:00:00,2025-01-06 00:00:00,3637.78,3664.92,-0.0373,-0.7461,flip_level,1,False,0.515773,3500.114185,1.0,True,before_exit,True,0.45,A2,True,False,3500.1141854876714,3500.3182762110227,57.48121589523544,57.57105196766268,-0.08983607242724645,1.3226901645854525,67.08963839040555,45.15424583694388,0.0011661266619002967,0.39102807798890626,0.4514939731734259,3500.1141854876714,,,,,,,,,,,,,
ETH/USDT,short,trend_momentum,2025-01-18 08:00:00,2025-01-19 00:00:00,3287.64,3335.47,-0.0727,-1.4548,flip_level,4,False,0.733027,3327.85601,4.0,True,before_exit,True,0.45,A2,True,False,3327.8560096006154,3409.217521518682,32.81845766106653,36.149065013103275,-3.3306073520367434,6.943752577234328,45.48034685031037,78.64473856748609,0.47730314304980553,1.0,0.09133911417183947,3327.8560096006154,,,,,,,,,,,,,
ETH/USDT,short,trend_momentum,2025-01-21 00:00:00,2025-01-21 16:00:00,3283.99,3332.16,-0.0733,-1.4668,flip_level,4,False,0.574482,3321.311395,4.0,True,before_exit,True,0.45,A2,True,False,3321.311394637764,3394.9003928438933,0.8831440422136438,2.5422818551043753,-1.6591378128907315,1.9987903891453689,47.479846443909366,117.36125994027097,0.433526699995367,0.3896013262700295,0.12466410739848945,3321.311394637764,,,,,,,,,,,,,
ETH/USDT,short,trend_momentum,2025-01-22 08:00:00,2025-01-23 20:00:00,3288.08,3338.21,-0.0762,-1.5246,flip_level,9,False,0.540462,3315.782723,9.0,True,before_exit,True,0.45,A2,True,False,3315.7827230379908,3387.5993427503277,-3.2933236158532964,-3.1552127734437083,-0.13811084240958804,1.7926914995145116,47.69792181487683,92.51692252634214,0.42399712862165295,0.2608715099357021,0.1282986969146138,3315.7827230379908,,,,,,,,,,,,,
ETH/USDT,short,trend_momentum,2025-01-26 12:00:00,2025-01-26 16:00:00,3312.3,3338.74,-0.0399,-0.7982,flip_level,1,False,0.549788,3313.668539,1.0,True,before_exit,True,0.45,A2,True,False,3313.668539160055,3369.8062162309243,7.369208389742653,7.521093106426244,-0.1518847166835915,1.6379108009411176,49.415083799549315,60.17020814701119,0.33318044699708854,0.3718192883037278,0.15691806332582192,3313.668539160055,,,,,,,,,,,,,
ETH/USDT,short,trend_momentum,2025-02-01 20:00:00,2025-02-02 16:00:00,3197.09,2911.803481,0.4462,8.9233,take_profit,5,True,0.724912,3245.098675,,False,never,True,0.45,A2,True,True,3245.098675065761,3319.879587602784,14.557404075128034,20.27345229153285,-5.716048216404815,0.4524119792834469,44.91445837856174,69.470216540658,0.4505037641501958,1.0,0.08190763964269566,3245.098675065761,,,,,,,,,,,,,
ETH/USDT,short,trend_momentum,2025-02-15 20:00:00,2025-02-16 08:00:00,2691.6,2710.99,-0.036,-0.7204,flip_level,3,False,0.718134,2707.14965,3.0,True,before_exit,True,0.45,A2,True,False,2707.1496499282534,2971.3880928529616,9.696041322667952,9.93486082717262,-0.2388195045046686,1.2969871858774855,50.33836500969454,52.00440896167721,1.0,0.36915300092966924,0.17230608349490903,2707.1496499282534,,,,,,,,,,,,,
ETH/USDT,short,trend_momentum,2025-02-18 08:00:00,2025-02-19 04:00:00,2672.51,2708.38,-0.0671,-1.3422,flip_level,5,False,0.829407,2706.02597,5.0,True,before_exit,True,0.45,A2,True,False,2706.0259701360596,2934.084307715817,6.414012704156903,7.455152081567807,-1.0411393774109037,2.751044363673426,45.262527218050586,54.80023427142514,1.0,0.8650017174884855,0.08770878696750976,2706.0259701360596,,,,,,,,,,,,,
ETH/USDT,short,trend_momentum,2025-02-24 08:00:00,2025-02-24 20:00:00,2722.02,2484.47933,0.4363,8.7266,take_profit,3,True,0.837008,2732.569768,,False,never,True,0.45,A2,True,True,2732.569767794206,2873.136622577138,13.818187039941677,16.632976979751007,-2.81478993980933,1.4646720024183395,46.877405916833844,59.38633412569112,0.978490571442764,0.9007674082833166,0.11462343194723074,2732.569767794206,,,,,,,,,,,,,
ETH/USDT,short,trend_momentum,2025-03-07 20:00:00,2025-03-10 16:00:00,2178.33,1878.941233,0.6872,13.744,take_profit,17,True,0.674552,2266.543909,,False,never,True,0.45,A2,True,True,2266.5439086733227,2573.712934510741,-13.335915468445364,-12.656069950618257,-0.6798455178271077,0.7950876231253652,45.26130126309528,75.06928347584173,1.0,0.24559531419850394,0.08768835438492127,2266.5439086733227,,,,,,,,,,,,,
ETH/USDT,short,trend_momentum,2025-03-18 16:00:00,2025-03-19 08:00:00,1881.03,1951.211907,-0.1866,-3.731,stop_loss,4,False,0.752674,1947.342518,4.0,True,before_exit,True,0.45,A2,True,False,1947.342518420861,2274.483026692075,-7.483820534801453,-6.9699845907354945,-0.5138359440659581,1.144413532550538,42.03887929472543,35.11410353231775,1.0,0.590307493928438,0.03398132157875722,1947.342518420861,,,,,,,,,,,,,
ETH/USDT,short,trend_momentum,2025-03-21 00:00:00,2025-03-21 04:00:00,1983.79,1976.78,0.0177,0.3534,flip_level,1,False,0.753031,1965.511696,1.0,True,before_exit,True,0.45,A2,True,True,1965.5116960252506,2237.0424047926185,19.76616306435176,20.414067250722212,-0.6479041863704538,0.7978355428210051,54.13575247156573,38.38804876216357,1.0,0.47076491766638834,0.2355958745260955,1965.5116960252506,,,,,,,,,,,,,
ETH/USDT,short,trend_momentum,2025-03-26 00:00:00,2025-03-26 04:00:00,2066.16,2069.25,-0.0075,-0.1496,flip_level,1,False,0.754064,2012.371878,1.0,True,before_exit,True,0.45,A2,True,False,2012.371878287427,2181.5070483925824,23.362439078986654,23.60776217068442,-0.24532309169776667,0.8014103844449778,59.663836574242715,31.181300899301895,1.0,0.419615861892319,0.32773060957071193,2012.371878287427,,,,,,,,,,,,,
ETH/USDT,short,trend_momentum,2025-04-03 08:00:00,2025-04-06 16:00:00,1815.31,1631.22656,0.507,10.1406,take_profit,20,True,0.763845,1889.786716,,False,never,True,0.45,A2,True,True,1889.7867162351024,2066.4087802316444,-10.553347822135493,-8.266007314595537,-2.2873405075399553,0.11009278422916502,41.39243550512587,46.71861842860854,1.0,0.6414555300454453,0.023207258418764455,1889.7867162351024,,,,,,,,,,,,,
ETH/USDT,short,trend_momentum,2025-04-15 16:00:00,2025-04-19 16:00:00,1621.01,1614.79,0.0192,0.3837,time_stop,24,False,0.734937,1625.370564,,False,never,True,0.45,A2,True,True,1625.3705640390217,1835.4850470408085,11.735491303725212,12.01769459747607,-0.2822032937508574,1.2606562161734551,51.126641199311734,45.00966343479453,1.0,0.4284800729957279,0.1854440199885289,1625.3705640390217,,,,,,,,,,,,,
ETH/USDT,short,trend_momentum,2025-04-20 12:00:00,2025-04-21 00:00:00,1572.61,1620.635126,-0.1527,-3.0538,stop_loss,3,False,0.85075,1603.311149,3.0,True,before_exit,True,0.45,A2,True,False,1603.3111489449534,1774.1909964199856,-0.018705163259028268,0.08723967226818306,-0.10594483552721133,2.34104906948416,40.300095832322214,24.864298610947657,1.0,1.0,0.005001597205370227,1603.3111489449534,,,,,,,,,,,,,
ETH/USDT,short,trend_momentum,2025-04-22 00:00:00,2025-04-22 04:00:00,1579.57,1619.21,-0.1255,-2.5095,flip_level,1,False,0.824371,1603.36654,1.0,True,before_exit,True,0.45,A2,True,False,1603.3665402277732,1759.4934422232816,1.07514582704016,2.4430971725058392,-1.3679513454656793,0.5837139659925716,44.15863364689642,28.503189277687067,1.0,0.8558977788610388,0.06931056078160698,1603.3665402277732,,,,,,,,,,,,,
ETH/USDT,short,trend_momentum,2025-04-24 20:00:00,2025-04-25 00:00:00,1763.1,1760.89,0.0063,0.1253,flip_level,1,False,0.793458,1674.162481,1.0,True,before_exit,True,0.45,A2,True,True,1674.1624805522863,1756.5628350900158,40.97561192410285,42.55782155743944,-1.5822096333365891,0.23927705588928916,64.20476630355829,38.357827498320304,0.9381999082715067,0.5935837637395006,0.40341277172597145,1674.1624805522863,,,,,,,,,,,,,
ETH/USDT,long,trend_momentum,2025-05-07 04:00:00,2025-05-07 16:00:00,1826.48,1795.82,-0.0839,-1.6786,flip_level,3,False,0.672294,1806.340448,3.0,True,before_exit,True,0.45,A2,True,False,1806.3404478070784,1785.487943096207,-5.327801746718251,-5.43933398737046,0.11153224065220879,-2.3959266409410542,54.439998128380985,30.64727509594453,0.23357765916594464,1.0,0.09266669786031692,1806.3404478070784,,,,,,,,,,,,,
ETH/USDT,long,trend_momentum,2025-05-20 00:00:00,2025-05-23 12:00:00,2528.14,2528.14,0.0,0.0,breakeven,21,True,0.8272,2461.196554,,False,never,True,0.45,A2,True,False,2461.1965540337937,2141.7254398586233,-12.895487631966262,-16.130344886728675,3.2348572547624137,-1.8223561131862631,53.34021726876411,75.0592079879046,1.0,0.8422040252482447,0.11099637885393156,2461.1965540337937,,,,,,,,,,,,,
ETH/USDT,long,trend_momentum,2025-05-26 08:00:00,2025-05-29 00:00:00,2580.79,2780.214718,0.3864,7.7273,take_profit,16,True,0.825173,2538.100553,,False,never,True,0.45,A2,True,True,2538.1005531639275,2274.7246903374353,-4.94677854192787,-6.50294576247143,1.5561672205435606,-1.9545986630315575,55.26769301788652,51.425116432788094,1.0,0.8533684819565843,0.07887178303522463,2538.1005531639275,,,,,,,,,,,,,
ETH/USDT,long,trend_momentum,2025-06-02 16:00:00,2025-06-05 16:00:00,2544.39,2544.39,0.0,0.0,breakeven,18,True,0.875562,2561.428113,18.0,True,before_exit,True,0.45,A2,True,False,2561.428112751395,2384.7888213738174,-24.179307567397245,-25.543610223735996,1.3643026563387508,-2.428175675869923,49.31874413797519,47.623358189211686,1.0,0.9954354534230955,0.1780209310337469,2561.428112751395,,,,,,,,,,,,,
ETH/USDT,long,trend_momentum,2025-06-07 20:00:00,2025-06-08 00:00:00,2517.3,2511.72,-0.0111,-0.2217,flip_level,1,False,0.783838,2547.234616,1.0,True,before_exit,True,0.45,A2,True,False,2547.234616251333,2429.969902808684,-21.14737243561558,-22.700697760543413,1.5533253249278332,-0.6862393596362786,47.61837726340173,43.309635854640604,0.9651536285046881,0.6463817578842975,0.20636037894330445,2547.234616251333,,,,,,,,,,,,,
ETH/USDT,long,trend_momentum,2025-06-16 00:00:00,2025-06-16 20:00:00,2547.62,2547.62,0.0,0.0,breakeven,5,True,0.716957,2590.721932,5.0,True,before_exit,True,0.45,A2,True,False,2590.7219324435127,2500.632121408432,-30.538739815111967,-32.69433817133228,2.1555983562203096,-0.12619577286812245,44.770297887133026,47.93724639521987,0.7205363017119011,0.5949950979339012,0.2538283685477829,2590.7219324435127,,,,,,,,,,,,,
ETH/USDT,long,trend_momentum,2025-06-19 12:00:00,2025-06-19 16:00:00,2531.82,2504.87,-0.0532,-1.0645,flip_level,1,False,0.585297,2564.441788,1.0,True,before_exit,True,0.45,A2,True,False,2564.441788188602,2510.0980117203317,-17.07035634440399,-17.795603210216985,0.7252468658129949,-0.8364033120157188,47.512029415945996,50.926690721926015,0.4330012311433612,0.38330837810465657,0.20813284306756674,2564.441788188602,,,,,,,,,,,,,
ETH/USDT,long,trend_momentum,2025-06-20 00:00:00,2025-06-20 04:00:00,2521.13,2549.64,0.0565,1.1308,flip_level,1,False,0.56153,2557.911063,1.0,True,before_exit,True,0.45,A2,True,True,2557.911062702888,2509.9891275910777,-17.181665119845093,-17.91462787997937,0.7329627601342779,-0.5573864447805725,47.001842192925864,48.24952970702312,0.38184974257480325,0.3342906171184476,0.21663596345123562,2557.911062702888,,,,,,,,,,,,,
ETH/USDT,short,trend_momentum,2025-06-27 12:00:00,2025-06-28 04:00:00,2447.25,2431.76,0.0316,0.633,flip_level,4,False,0.481103,2428.858979,4.0,True,before_exit,True,0.45,A2,True,True,2428.858979111853,2467.6352848502775,15.834715375000542,15.848283654554752,-0.01356827955421025,0.2391788845516558,54.88952997847162,51.591005227657575,0.314279066898472,0.06123818555932354,0.24815883297452704,2428.858979111853,,,,,,,,,,,,,
ETH/USDT,short,trend_momentum,2025-06-29 16:00:00,2025-06-29 20:00:00,2436.69,2501.182964,-0.1323,-2.6467,stop_loss,1,False,0.494924,2430.891966,1.0,True,before_exit,True,0.45,A2,True,False,2430.8919662180388,2463.42111090448,7.254675160070747,7.658912401411083,-0.40423724134033634,0.12866198033567233,51.81068786722196,33.72928828898919,0.26409731200604736,0.19749127861451637,0.19684479778703262,2430.8919662180388,,,,,,,,,,,,,
ETH/USDT,short,trend_momentum,2025-07-01 12:00:00,2025-07-02 12:00:00,2449.05,2498.81,-0.1016,-2.0318,flip_level,6,False,0.612664,2447.355776,6.0,True,before_exit,True,0.45,A2,True,False,2447.355776239308,2464.875242363207,12.458440504568443,14.456572411526043,-1.9981319069575996,0.541031467931461,48.551920567541316,38.56639252106891,0.14215296435938066,0.8229844720056165,0.14253200945902195,2447.355776239308,,,,,,,,,,,,,
ETH/USDT,long,trend_momentum,2025-07-08 12:00:00,2025-07-09 16:00:00,2575.16,2717.071439,0.2755,5.5108,take_profit,7,True,0.561675,2520.737464,,False,never,True,0.45,A2,True,True,2520.7374639703603,2487.6054937244435,10.667581502244047,10.387306308302872,0.2802751939411756,-1.3216753724456165,59.31488533745383,34.91769513894604,0.26637640356961606,0.5734737645240614,0.011418577709102824,2520.7374639703603,,,,,,,,,,,,,
ETH/USDT,long,trend_momentum,2025-07-26 04:00:00,2025-07-29 00:00:00,3739.5,3739.5,0.0,0.0,breakeven,17,True,0.757611,3591.736959,,False,never,True,0.45,A2,True,False,3591.736958736595,3089.5439472117846,12.886731303714896,10.952560319057923,1.9341709846569728,-2.370873137682228,56.15258556984753,90.90521886160437,1.0,0.5919687802651452,0.06412357383587448,3591.736958736595,,,,,,,,,,,,,
ETH/USDT,long,trend_momentum,2025-07-31 08:00:00,2025-07-31 16:00:00,3863.81,3737.72,-0.1632,-3.2634,flip_level,2,False,0.748007,3745.903527,2.0,True,before_exit,True,0.45,A2,True,False,3745.90352659281,3280.4536718992476,16.83308729957662,15.987874449875253,0.8452128497013653,-2.575134648019752,58.143632766229004,74.55460084554934,1.0,0.5734635185035163,0.030939453896183265,3745.90352659281,,,,,,,,,,,,,
ETH/USDT,long,trend_momentum,2025-08-03 20:00:00,2025-08-04 00:00:00,3496.75,3556.8,0.0859,1.7173,flip_level,1,False,0.881437,3627.79661,1.0,True,before_exit,True,0.45,A2,True,True,3627.7966102392215,3332.8209056166766,-76.28353259702271,-78.79216030784065,2.508627710817933,-2.877835438563352,40.02505993908932,72.7115728484486,1.0,0.9259982521297181,0.3329156676818447,3627.7966102392215,,,,,,,,,,,,,
ETH/USDT,long,trend_momentum,2025-08-20 20:00:00,2025-08-21 00:00:00,4346.64,4295.23,-0.0591,-1.1828,flip_level,1,False,0.867539,4316.559801,1.0,True,before_exit,True,0.45,A2,True,False,4316.559800894074,3919.5907503142253,-55.14448834560517,-65.5209139566162,10.37642561101103,-1.729193080517561,52.984414687238555,106.4327277573205,1.0,1.0,0.11692642187935741,4316.559800894074,,,,,,,,,,,,,
ETH/USDT,long,trend_momentum,2025-08-27 16:00:00,2025-08-27 20:00:00,4657.58,4506.71,-0.162,-3.2392,flip_level,1,False,0.780874,4529.288652,1.0,True,before_exit,True,0.45,A2,True,False,4529.288651805643,4137.178530632639,9.112810736092797,4.176072616074938,4.936738120017859,-0.8472893137342616,57.494971504124564,103.51626155958297,1.0,0.6984443007564191,0.04175047493125727,4529.288651805643,,,,,,,,,,,,,
ETH/USDT,long,trend_momentum,2025-08-28 12:00:00,2025-08-28 16:00:00,4594.79,4438.46,-0.1701,-3.4023,flip_level,1,False,0.676547,4535.280365,1.0,True,before_exit,True,0.45,A2,True,False,4535.280364818496,4157.86968445023,3.3928445360907062,2.79006166129121,0.6027828747994963,-1.2024910246083307,52.241007568054556,98.71424442427687,1.0,0.22859845480464602,0.12931654053242406,4535.280364818496,,,,,,,,,,,,,
ETH/USDT,long,trend_momentum,2025-08-31 04:00:00,2025-08-31 16:00:00,4488.12,4456.01,-0.0358,-0.7154,flip_level,3,False,0.866188,4470.493436,3.0,True,before_exit,True,0.45,A2,True,False,4470.493436429772,4193.778392208264,-38.60581609942437,-45.81585761482654,7.2100415154021675,-2.210335937627441,53.524765712560516,87.89972003619783,1.0,1.0,0.10792057145732474,4470.493436429772,,,,,,,,,,,,,
ETH/USDT,long,trend_momentum,2025-09-03 12:00:00,2025-09-04 00:00:00,4371.51,4398.03,0.0303,0.6067,flip_level,3,False,0.778537,4413.842713,3.0,True,before_exit,True,0.45,A2,True,True,4413.842712532117,4226.763372624506,-31.272279554205852,-32.541863667472285,1.2695841132664327,-3.4695853262790948,49.14978006810568,82.22798833109064,0.8852132159527476,0.7204313178110477,0.18083699886490537,4413.842712532117,,,,,,,,,,,,,
ETH/USDT,long,trend_momentum,2025-09-05 08:00:00,2025-09-05 12:00:00,4417.29,4259.299682,-0.1788,-3.5766,stop_loss,1,False,0.801696,4400.600358,1.0,True,before_exit,True,0.45,A2,True,False,4400.600358454068,4242.8237251191385,-14.12292779731797,-15.14752988583624,1.0246020885182698,-5.6589671799849715,53.69506230606457,80.98632487513859,0.7437340957666052,1.0,0.10508229489892382,4400.600358454068,,,,,,,,,,,,,
ETH/USDT,long,trend_momentum,2025-09-07 12:00:00,2025-09-07 16:00:00,4310.88,4293.48,-0.0202,-0.4036,flip_level,1,False,0.639684,4360.942822,1.0,True,before_exit,True,0.45,A2,True,False,4360.942822438132,4250.392348246645,-23.608906638111876,-23.830177030124496,0.22127039201262022,-2.3022688851246755,47.70138569896564,61.18417657877016,0.5201895031506459,0.5155620738575322,0.20497690501723936,4360.942822438132,,,,,,,,,,,,,
ETH/USDT,long,trend_momentum,2025-09-18 00:00:00,2025-09-19 12:00:00,4590.54,4452.613059,-0.1502,-3.0046,stop_loss,9,False,0.773814,4510.718869,9.0,True,before_exit,True,0.45,A2,True,False,4510.71886922774,4363.839436378319,-5.721805038174352,-7.254066342695592,1.5322613045212394,-5.122409385296663,57.79119392765827,69.32989109554629,0.6731660730914524,1.0,0.036813434539028835,4510.71886922774,,,,,,,,,,,,,
ETH/USDT,long,trend_momentum,2025-09-21 20:00:00,2025-09-22 00:00:00,4494.4,4405.142454,-0.0993,-1.986,stop_loss,1,False,0.64222,4506.043193,1.0,True,before_exit,True,0.45,A2,True,False,4506.04319322378,4393.935641600355,-15.560525827720994,-16.26565058109273,0.7051247533717344,-1.206549326643536,48.31733694820802,44.10714040127382,0.5102830845405524,0.541770012356112,0.19471105086319962,4506.04319322378,,,,,,,,,,,,,
ETH/USDT,short,trend_momentum,2025-10-15 20:00:00,2025-10-19 12:00:00,3983.21,3983.21,0.0,0.0,breakeven,22,True,0.638757,4143.175725,,False,never,True,0.45,A2,True,False,4143.175725374993,4261.658687421964,-20.75071195037981,-17.541946973068473,-3.2087649773113363,2.3294036928107182,43.09423953367218,121.86949137875875,0.55604153564276,0.5680429744420155,0.05157065889453634,4143.175725374993,,,,,,,,,,,,,
ETH/USDT,short,trend_momentum,2025-10-21 08:00:00,2025-10-21 12:00:00,3892.95,4043.519984,-0.1934,-3.8678,stop_loss,1,False,0.818179,3990.291189,1.0,True,before_exit,True,0.45,A2,True,False,3990.291189248617,4167.643527624431,2.572207679238545,3.6181222754332305,-1.0459145961946854,5.475451674311107,42.16256229642738,77.4784527781812,0.8510916886258053,1.0,0.03604270494045636,3990.291189248617,,,,,,,,,,,,,
ETH/USDT,short,trend_momentum,2025-10-22 00:00:00,2025-10-26 00:00:00,3873.04,3931.82,-0.0759,-1.5177,time_stop,24,False,0.817638,3985.718728,,False,never,True,0.45,A2,True,False,3985.718728382441,4159.499379133864,0.9673288750655047,3.9188203480286448,-2.95149147296314,4.924902311109365,43.49671028947938,94.42810390976764,0.8355844533752971,1.0,0.05827850482465635,3985.718728382441,,,,,,,,,,,,,
ETH/USDT,short,trend_momentum,2025-10-28 12:00:00,2025-10-28 16:00:00,4112.45,4039.39,0.0888,1.7766,flip_level,1,False,0.668967,4015.024486,1.0,True,before_exit,True,0.45,A2,True,True,4015.024485707975,4103.407718511812,54.48459066092346,57.340138705947524,-2.855548045024065,0.5874549853090443,57.73787581881747,64.45542546455586,0.4307796780958976,0.6677100890883154,0.29563126364695785,4015.024485707975,,,,,,,,,,,,,
ETH/USDT,short,trend_momentum,2025-11-11 16:00:00,2025-11-12 08:00:00,3481.11,3549.38,-0.0981,-1.9612,flip_level,4,False,0.867971,3536.909444,4.0,True,before_exit,True,0.45,A2,True,False,3536.909443776941,3811.1536606370096,26.934856292348286,27.594916253320402,-0.6600599609721165,7.2715922010704475,47.18836888838879,79.1584693300253,1.0,1.0,0.11980614813981312,3536.909443776941,,,,,,,,,,,,,
ETH/USDT,short,trend_momentum,2025-11-29 04:00:00,2025-11-29 08:00:00,3022.61,2999.82,0.0377,0.754,flip_level,1,False,0.767087,2975.389191,1.0,True,before_exit,True,0.45,A2,True,True,2975.3891907294505,3288.3400325946486,34.865607436178834,36.90979918947661,-2.044191753297774,0.13972627709436836,56.36684200882303,54.091894510348965,1.0,0.5046777456588969,0.27278070014705047,2975.3891907294505,,,,,,,,,,,,,
ETH/USDT,short,trend_momentum,2025-12-05 16:00:00,2025-12-06 00:00:00,3106.35,3040.31,0.1063,2.126,flip_level,2,False,0.882108,3034.613343,2.0,True,before_exit,True,0.45,A2,True,True,3034.6133431439644,3202.1846614737424,50.404020433242295,54.66699466636362,-4.2629742331213265,1.0400054510114742,53.76478006864358,66.90368998419693,1.0,0.9907860996503701,0.2294130011440597,3034.6133431439644,,,,,,,,,,,,,
ETH/USDT,short,trend_momentum,2025-12-11 08:00:00,2025-12-11 12:00:00,3201.52,3179.25,0.0348,0.6956,flip_level,1,False,0.689345,3148.018963,1.0,True,before_exit,True,0.45,A2,True,True,3148.0189630469145,3189.514784459768,50.393165490166666,57.22679975305564,-6.833634262888971,1.2410685197131741,49.717725741582484,77.23033848716685,0.2602014677281528,1.0,0.1619620956930414,3148.0189630469145,,,,,,,,,,,,,
ETH/USDT,short,trend_momentum,2025-12-23 08:00:00,2025-12-27 08:00:00,2964.88,2930.88,0.0573,1.1468,time_stop,24,False,0.733828,2994.713703,,False,never,True,0.45,A2,True,True,2994.713702613677,3094.156230640431,9.935878737194344,12.869519490184203,-2.9336407529898594,0.4382197517990214,46.22254977866804,50.76194606896006,0.6427763862859083,0.8303120659046965,0.10370916297780065,2994.713702613677,,,,,,,,,,,,,
ETH/USDT,short,trend_momentum,2025-12-30 00:00:00,2025-12-30 08:00:00,2937.91,2978.88,-0.0697,-1.3945,flip_level,2,False,0.637879,2957.496311,2.0,True,before_exit,True,0.45,A2,True,False,2957.496310639592,3045.373416273905,1.5921206037223783,2.5258326276147374,-0.9337120238923591,0.5776526510240831,47.17757743870454,37.58694410190034,0.5771187544011136,0.502622889087181,0.11962629064507564,2957.496310639592,,,,,,,,,,,,,
ETH/USDT,long,trend_momentum,2026-01-11 08:00:00,2026-01-12 12:00:00,3095.32,3095.32,0.0,0.0,breakeven,7,True,0.526492,3114.308456,9.0,False,after_exit,True,0.45,A2,True,False,3114.308456165226,3079.5018461009017,-16.907519485469948,-17.17898575211754,0.2714662666475931,-0.6139840388332587,43.38266883786461,35.2778640666203,0.22605350997528606,0.31374146681922394,0.2769555193689232,3114.308456165226,,,,,,,,,,,,,
ETH/USDT,long,trend_momentum,2026-01-22 12:00:00,2026-01-22 16:00:00,2986.8,2953.94,-0.055,-1.1002,flip_level,1,False,0.500539,3143.38038,1.0,True,before_exit,True,0.45,A2,True,False,3143.380379786602,3133.154571846863,-67.60451144381796,-68.2882918609015,0.6837804170835398,-0.8452030454508588,37.01592974074297,62.24695765146391,0.06527483853892094,0.3070397976507451,0.38306783765428387,3143.380379786602,,,,,,,,,,,,,
ETH/USDT,short,trend_momentum,2026-01-29 12:00:00,2026-01-30 00:00:00,2929.29,2712.381866,0.3702,7.4048,take_profit,3,True,0.740869,2988.810376,,False,never,True,0.45,A2,True,True,2988.8103755118514,3069.6284704765158,5.78631402797464,7.076149843320145,-1.289835815345505,3.1899327156066644,43.69096386020072,47.47603610871052,0.5265659720188779,1.0,0.06151606433667863,2988.8103755118514,,,,,,,,,,,,,
ETH/USDT,short,trend_momentum,2026-02-10 12:00:00,2026-02-14 12:00:00,2003.2,2087.43,-0.2102,-4.2048,time_stop,24,False,0.77993,2169.827372,,False,never,True,0.45,A2,True,False,2169.827372184471,2630.616871582963,-20.236573916292855,-19.06686372568165,-1.1697101906112053,2.7383801478760006,40.92766597318827,68.76160301045964,1.0,0.7104419776784305,0.015461099553137814,2169.827372184471,,,,,,,,,,,,,
ETH/USDT,short,trend_momentum,2026-02-22 20:00:00,2026-02-23 00:00:00,1943.73,1943.73,0.0,0.0,breakeven,1,True,0.823079,1985.101345,16.0,False,after_exit,True,0.45,A2,True,False,1985.101345432202,2291.86270523485,-3.3645105913008138,-2.930981816541423,-0.4335287747593908,1.491434843248689,41.519030435258536,27.43278104987497,1.0,0.8771274476821833,0.025317173920975596,1985.101345432202,,,,,,,,,,,,,
ETH/USDT,short,trend_momentum,2026-02-27 16:00:00,2026-02-28 16:00:00,1948.59,1948.59,0.0,0.0,breakeven,6,True,0.862049,1970.503377,8.0,False,after_exit,True,0.45,A2,True,False,1970.5033768123728,2205.600775952552,20.07712182608293,24.90596748820749,-4.828845662124561,0.6289002285288312,44.8194767802088,49.54274732747499,1.0,1.0,0.08032461300348004,1970.5033768123728,,,,,,,,,,,,,
ETH/USDT,short,trend_momentum,2026-03-02 08:00:00,2026-03-02 12:00:00,1941.65,2049.858817,-0.2787,-5.573,stop_loss,1,False,0.715554,1960.653743,1.0,True,before_exit,True,0.45,A2,True,False,1960.653743392134,2167.3222881307156,0.3745128514797216,1.389356796749895,-1.0148439452701734,0.6907206344223753,47.2041847714665,54.640901670323146,1.0,0.3901757949528137,0.12006974619110836,1960.653743392134,,,,,,,,,,,,,
ETH/USDT,short,trend_momentum,2026-03-03 16:00:00,2026-03-03 20:00:00,1969.21,1982.8,-0.0345,-0.6901,flip_level,1,False,0.734429,1971.166058,1.0,True,before_exit,True,0.45,A2,True,False,1971.1660578668268,2154.453261374059,8.031272433315962,9.034331887710474,-1.0030594543945117,1.0503131957593546,48.780998259899555,57.049933709653985,1.0,0.44990688784235927,0.14634997099832592,1971.1660578668268,,,,,,,,,,,,,
ETH/USDT,short,trend_momentum,2026-03-06 00:00:00,2026-03-06 04:00:00,2072.86,2082.83,-0.024,-0.481,flip_level,1,False,0.811906,2017.910246,1.0,True,before_exit,True,0.45,A2,True,False,2017.91024624829,2144.2089952846527,32.47307157905152,32.70350361037406,-0.2304320313225361,3.0852267541338634,53.714197954166146,58.33454881979041,1.0,0.7104835068878468,0.2285699659027691,2017.91024624829,,,,,,,,,,,,,
ETH/USDT,short,trend_momentum,2026-03-14 08:00:00,2026-03-14 12:00:00,2077.46,2074.72,0.0066,0.1319,flip_level,1,False,0.692919,2046.287062,1.0,True,before_exit,True,0.45,A2,True,True,2046.2870615635472,2100.810557765818,20.56818299417455,21.205937224341042,-0.6377542301664931,1.931936345912856,52.33744327189704,44.04799008407188,0.5190710414198955,0.7292303721392077,0.20562405453161728,2046.2870615635472,,,,,,,,,,,,,
ETH/USDT,long,trend_momentum,2026-03-23 16:00:00,2026-03-24 12:00:00,2128.46,2135.15,0.0157,0.3143,flip_level,5,False,0.627189,2135.56036,5.0,True,before_exit,True,0.45,A2,True,True,2135.5603599149968,2129.210407407374,-23.59375423102938,-27.44622963422506,3.8524754031956796,-0.1028980986503889,50.94252247791909,51.580965005622566,0.059646078053457126,0.9585351644290956,0.15095795870134848,2135.5603599149968,,,,,,,,,,,,,
ETH/USDT,short,trend_momentum,2026-04-02 08:00:00,2026-04-05 20:00:00,2056.09,2110.17,-0.1315,-2.6302,flip_level,21,False,0.678896,2077.31925,21.0,True,before_exit,True,0.45,A2,True,False,2077.3192503792375,2104.7786146320886,14.49384930852466,15.424875505485407,-0.9310261969607474,3.6614738663902138,45.465838958084824,43.770196076967,0.2609240141643212,1.0,0.09109731596808039,2077.3192503792375,,,,,,,,,,,,,
ETH/USDT,short,trend_momentum,2026-04-07 12:00:00,2026-04-07 16:00:00,2089.58,2113.39,-0.057,-1.1395,flip_level,1,False,0.650396,2083.749915,1.0,True,before_exit,True,0.45,A2,True,False,2083.749914864398,2098.0402435563974,13.374682189272335,13.644565190380032,-0.26988300110769714,2.40597823246822,49.32309842563011,34.40724267388617,0.1362254964926311,0.9721286223579018,0.15538497376050178,2083.749914864398,,,,,,,,,,,,,
ETH/USDT,long,trend_momentum,2026-04-22 00:00:00,2026-04-23 08:00:00,2327.15,2327.15,0.0,0.0,breakeven,8,True,0.722361,2312.236636,12.0,False,after_exit,True,0.45,A2,True,False,2312.236635799233,2214.126740030427,-6.299555428878193,-6.662157458630193,0.36260202975199984,-1.1835473619800014,51.19582362005932,37.51448402496594,0.8862175230985931,0.5151841455099838,0.1467362729990113,2312.236635799233,,,,,,,,,,,,,
ETH/USDT,long,trend_momentum,2026-04-26 08:00:00,2026-04-27 04:00:00,2331.25,2331.25,0.0,0.0,breakeven,5,True,0.750143,2323.85233,5.0,True,before_exit,True,0.45,A2,True,False,2323.8523299897606,2241.7921091118574,-5.441039663594893,-5.727046887373993,0.2860072237790998,-1.254187347127468,52.09520719727322,24.387828337843608,0.732094832026271,0.7894279010672425,0.13174654671211303,2323.8523299897606,,,,,,,,,,,,,
ETH/USDT,long,trend_momentum,2026-04-29 08:00:00,2026-04-29 12:00:00,2323.74,2264.369677,-0.1277,-2.5549,stop_loss,1,False,0.743087,2317.531381,1.0,True,before_exit,True,0.45,A2,True,False,2317.5313805990527,2253.7717904312394,-7.6090485945319415,-8.700932074028902,1.0918834794969605,-1.1461635362572622,52.65687485123136,29.980942919162267,0.5658034272903328,0.9331123364718203,0.12238541914614404,2317.5313805990527,,,,,,,,,,,,,
ETH/USDT,long,trend_momentum,2026-05-01 04:00:00,2026-05-01 08:00:00,2282.87,2286.45,0.0078,0.1568,flip_level,1,False,0.682291,2299.132735,1.0,True,before_exit,True,0.45,A2,True,True,2299.132735341303,2255.0724543800397,-14.020937815643265,-14.65756457065899,0.6366267550157243,-1.4618084592231178,49.03857146719515,31.649344634343173,0.39076598958658515,0.8287830437260456,0.18269047554674753,2299.132735341303,,,,,,,,,,,,,
ETH/USDT,long,trend_momentum,2026-05-09 12:00:00,2026-05-10 08:00:00,2314.56,2322.58,0.0173,0.3465,flip_level,5,False,0.569128,2323.043545,5.0,True,before_exit,True,0.45,A2,True,True,2323.043545356775,2284.1581800551885,-8.846680255771844,-9.315855984972416,0.4691757292005718,-0.4101247020063141,47.919773003187785,26.470330017356865,0.3404787430321239,0.4152292541452636,0.2013371166135369,2323.043545356775,,,,,,,,,,,,,
ETH/USDT,long,trend_momentum,2026-05-14 20:00:00,2026-05-15 00:00:00,2298.34,2273.34,-0.0544,-1.0877,flip_level,1,False,0.651812,2303.511643,1.0,True,before_exit,True,0.45,A2,True,False,2303.5116425053816,2289.344826304944,-12.256631450997702,-14.587876474433852,2.33124502343615,-0.037610599529012134,51.49694323723834,29.656500001983893,0.12376306127114213,0.9984554915476773,0.1417176127126943,2303.5116425053816,,,,,,,,,,,,,
ETH/USDT,short,trend_momentum,2026-05-26 20:00:00,2026-05-30 20:00:00,2074.3,2022.44,0.125,2.5001,time_stop,24,True,0.739826,2122.965855,,False,never,True,0.45,A2,True,True,2122.965854974168,2206.980937813283,-4.745152855943616,-3.4012068173212007,-1.343946038622415,0.572167708735789,41.398759901879956,30.55195589504064,0.7613575758597974,0.7839570705149347,0.023312665031332596,2122.965854974168,,,,,,,,,,,,,
ETH/USDT,short,trend_momentum,2026-06-14 16:00:00,2026-06-14 20:00:00,1662.95,1704.897258,-0.1261,-2.5225,stop_loss,1,False,0.790629,1687.044189,1.0,True,before_exit,True,0.45,A2,True,False,1687.0441888573264,1901.8694401080832,3.2083507714528423,3.2708400263918334,-0.062489254938991046,1.141891570116651,47.341664382008936,21.846985098182696,1.0,0.6891001319192472,0.12236107303348227,1687.0441888573264,,,,,,,,,,,,,
ETH/USDT,short,trend_momentum,2026-06-17 08:00:00,2026-06-17 12:00:00,1785.09,1773.41,0.0327,0.6543,flip_level,1,False,0.812624,1729.552178,1.0,True,before_exit,True,0.45,A2,True,True,1729.5521776502426,1882.9107590804535,30.182221850561064,30.2455189847231,-0.06329713416203475,1.627802637005459,59.6591131813731,32.32695043428464,1.0,0.6539047715795295,0.32765188635621834,1729.5521776502426,,,,,,,,,,,,,
ETH/USDT,short,trend_momentum,2026-07-05 12:00:00,2026-07-05 16:00:00,1760.08,1781.43,-0.0607,-1.213,flip_level,1,False,0.813313,1683.200812,1.0,True,before_exit,True,0.45,A2,True,False,1683.200811580298,1737.3529693740584,38.28522710053858,40.074562194916744,-1.789335094378167,0.33491310734522983,62.98641221648673,26.526991618643443,0.6233869426460938,1.0,0.3831068702747788,1683.200811580298,,,,,,,,,,,,,
ETH/USDT,long,trend_momentum,2026-07-19 12:00:00,2026-07-21 08:00:00,1871.4,1951.813845,0.2148,4.297,take_profit,11,True,0.610698,1838.137476,,False,never,True,0.45,A2,True,True,1838.1374760970746,1785.1624119575342,4.468872906444403,3.9215189253930784,0.5473539810513248,-0.15532479378769493,57.89189028942483,20.51218894163437,0.5935041404042347,0.42820806255638444,0.03513516184291952,1838.1374760970746,,,,,,,,,,,,,
ETH/USDT,long,trend_momentum,2026-07-26 08:00:00,2026-07-26 20:00:00,1881.57,1950.265414,0.1825,3.651,take_profit,3,True,0.697648,1879.621453,12.0,False,after_exit,True,0.45,A2,True,True,1879.6214534670426,1821.850704304566,-6.695166808795875,-7.463216995596469,0.7680501868005942,-0.1575856937856983,49.39590176017184,17.791073022622246,0.6341984996463103,0.6503513583816023,0.1767349706638027,1879.6214534670426,,,,,,,,,,,,,
ETH/USDT,long,trend_momentum,2026-07-30 16:00:00,2026-07-31 04:00:00,1918.9,1890.2,-0.0748,-1.4956,flip_level,3,False,0.585309,1901.439032,3.0,True,before_exit,True,0.45,A2,True,False,1901.439032157989,1843.1250138662454,2.475031769675752,2.099989729364662,0.3750420403110901,-0.18463380877133329,53.07329912219012,29.247607572970065,0.6327733371641547,0.23919727779703184,0.11544501463016464,1901.439032157989,,,,,,,,,,,,,
ETH/USDT,long,trend_momentum,2026-08-02 20:00:00,2026-08-03 00:00:00,1882.2,1857.22,-0.0664,-1.3272,flip_level,1,False,0.722695,1885.828305,1.0,True,before_exit,True,0.45,A2,True,False,1885.828305295029,1848.506907223557,-9.764395519157006,-10.780834779527062,1.0164392603700563,-0.8462996442241177,50.830766080355716,23.394534304515425,0.403800471890348,0.9952853091387692,0.15282056532740473,1885.828305295029,,,,,,,,,,,,,
ETH/USDT,long,trend_momentum,2026-08-03 20:00:00,2026-08-04 00:00:00,1870.2,1864.19,-0.0161,-0.3214,flip_level,1,False,0.60665,1880.278253,1.0,True,before_exit,True,0.45,A2,True,False,1880.2782530660022,1849.1731427367524,-8.667107950133868,-9.771224090101022,1.1041161399671537,-0.036023029601393475,49.371938794472484,24.407975997703424,0.3364218267113118,0.5838968221268246,0.1771343534254586,1880.2782530660022,,,,,,,,,,,,,
ETH/USDT,long,trend_momentum,2026-08-12 12:00:00,2026-08-12 16:00:00,1915.58,1879.38,-0.0945,-1.8898,flip_level,1,False,0.679374,1896.403001,1.0,True,before_exit,True,0.45,A2,True,False,1896.403001413327,1869.1700184509716,-3.7346580933608493,-4.828169065784383,1.093510972423534,-1.2807303697187349,57.38934866135046,17.669580484454084,0.291391181043275,1.0,0.04351085564415899,1896.403001413327,,,,,,,,,,,,,
ETH/USDT,long,trend_momentum,2026-08-13 04:00:00,2026-08-13 08:00:00,1887.52,1880.39,-0.0189,-0.3777,flip_level,1,False,0.487619,1894.68617,1.0,True,before_exit,True,0.45,A2,True,False,1894.6861696541685,1869.7846949026166,-4.527512685979673,-4.540813093260699,0.013300407281025883,-0.22944959616365423,47.778211336565384,18.742320080604262,0.26635660051596255,0.16189964903004003,0.20369647772391025,1894.6861696541685,,,,,,,,,,,,,
ETH/USDT,long,trend_momentum,2026-08-13 20:00:00,2026-08-14 00:00:00,1887.41,1883.0,-0.0117,-0.2337,flip_level,1,False,0.491309,1893.361079,1.0,True,before_exit,True,0.45,A2,True,False,1893.3610788428193,1870.4132262262626,-4.108472802957067,-4.296670778230085,0.18819797527301763,-0.12753719164813582,48.38645790677147,19.3727926859157,0.24537735613489203,0.20372331705091326,0.19355903488714218,1893.3610788428193,,,,,,,,,,,,,
ETH/USDT,long,trend_momentum,2026-08-15 00:00:00,2026-08-15 04:00:00,1882.2,1880.4,-0.0048,-0.0956,flip_level,1,False,0.475995,1890.276863,1.0,True,before_exit,True,0.45,A2,True,False,1890.2768626942889,1871.1127772944794,-4.139109448662566,-4.35347385893549,0.21436441027292386,-0.014040477679800212,47.32124464305514,16.565384771382416,0.2048415855245197,0.1723510282925224,0.21131258928241436,1890.2768626942889,,,,,,,,,,,,,
ETH/USDT,long,trend_momentum,2026-08-31 20:00:00,2026-09-01 16:00:00,2481.84,2412.059023,-0.1406,-2.8117,stop_loss,5,False,0.805175,2427.534812,5.0,True,before_exit,True,0.45,A2,True,False,2427.534811646133,2171.966877089162,0.10236344900749828,-0.7367645186235998,0.8391279676310981,-1.3795960999663803,55.722441559201044,35.65129543182833,1.0,0.7779254725259832,0.07129264067998259,2427.534811646133,,,,,,,,,,,,,
SOL/USDT,long,trend_momentum,2024-10-04 16:00:00,2024-10-04 20:00:00,142.44,143.24,0.0281,0.5616,flip_level,1,False,0.752552,146.814784,1.0,True,before_exit,True,0.45,A2,True,True,146.81478397962422,143.44977325586723,-3.519989134312368,-3.8308292384283265,0.3108401041159583,-0.07264978714863624,45.894721036729145,3.802801990882414,0.4691552516789166,1.0,0.23508798272118092,146.81478397962422,,,,,,,,,,,,,
SOL/USDT,long,trend_momentum,2024-10-11 12:00:00,2024-10-14 04:00:00,141.98,152.88754,0.3841,7.6824,take_profit,16,True,0.577117,143.329656,,False,never,True,0.45,A2,True,True,143.32965590340578,143.31807292998118,-1.0611232229455254,-1.1712741532443385,0.11015093029881307,-0.06126132648681315,49.9675233543513,2.6566452892831767,0.0016164009448067075,0.806525891304994,0.167207944094145,143.32965590340578,,,,,,,,,,,,,
SOL/USDT,long,trend_momentum,2024-11-04 12:00:00,2024-11-04 16:00:00,164.08,159.59,-0.1368,-2.7365,flip_level,1,False,0.782694,167.792734,1.0,True,before_exit,True,0.45,A2,True,False,167.79273355033442,160.77500390681567,-2.4137115813562957,-2.606105396590751,0.1923938152344551,-0.01916309157789975,45.4813967107366,3.710986101697233,0.8729876501929599,0.7126034058561905,0.2419767214877234,167.79273355033442,,,,,,,,,,,,,
SOL/USDT,long,trend_momentum,2024-11-05 08:00:00,2024-11-05 12:00:00,162.04,165.94,0.1203,2.4068,flip_level,1,False,0.724528,166.459952,1.0,True,before_exit,True,0.45,A2,True,True,166.45995196322997,160.7591692439394,-2.3823742372764514,-2.512356775825094,0.1299825385486426,-0.05960334999596828,45.12507033703461,3.702105080207411,0.7092326672377963,0.6401286715164947,0.24791549438275653,166.45995196322997,,,,,,,,,,,,,
SOL/USDT,long,trend_momentum,2024-11-16 04:00:00,2024-11-20 04:00:00,221.34,235.94,0.3298,6.5962,time_stop,24,True,0.825542,206.59624,,False,never,True,0.45,A2,True,True,206.59624004610524,181.93977244917446,1.9477891285399949,1.7498570178450035,0.1979321106949914,-0.3316287509112048,59.71029428189872,7.360960244961372,1.0,0.8992727239097036,0.004828428635021353,206.59624004610524,,,,,,,,,,,,,
SOL/USDT,long,trend_momentum,2024-11-27 20:00:00,2024-11-28 00:00:00,239.06,240.01,0.0199,0.3974,flip_level,1,False,0.816547,240.186619,1.0,True,before_exit,True,0.45,A2,True,True,240.186619095134,212.3384699702876,-3.455731521590934,-3.813390454458802,0.3576589328678681,-0.06398117027663197,48.31361413146721,7.033675126255294,1.0,0.7493239586276212,0.1947730978088798,240.186619095134,,,,,,,,,,,,,
SOL/USDT,long,trend_momentum,2024-12-04 00:00:00,2024-12-04 12:00:00,233.92,233.72,-0.0043,-0.0855,flip_level,3,False,0.869155,234.83363,3.0,True,before_exit,True,0.45,A2,True,False,234.83362969566406,219.29720936763434,-2.907857674245122,-3.215716248897304,0.30785857465218225,-0.3387849158982079,52.338142238817326,6.583274442402293,1.0,1.0,0.12769762935304457,234.83362969566406,,,,,,,,,,,,,
SOL/USDT,long,trend_momentum,2024-12-11 12:00:00,2024-12-11 20:00:00,224.78,227.29,0.0558,1.1166,flip_level,2,False,0.745707,228.688862,2.0,True,before_exit,True,0.45,A2,True,True,228.68886165174345,223.28988070067905,-4.648456095439627,-4.926668578960786,0.278212483521159,-0.5301147157514343,50.07579210689414,7.209154927816531,0.4835849196678785,1.0,0.16540346488509763,228.68886165174345,,,,,,,,,,,,,
SOL/USDT,long,trend_momentum,2024-12-14 04:00:00,2024-12-14 08:00:00,226.23,224.36,-0.0413,-0.8266,flip_level,1,False,0.530958,227.774058,1.0,True,before_exit,True,0.45,A2,True,False,227.7740577188362,223.84268073722416,-0.5217501180770228,-0.5936505272699458,0.07190040919292306,-0.043322512641684296,50.513373710984645,5.186448593433172,0.3512624999543494,0.2777018796168562,0.1581104381502559,227.7740577188362,,,,,,,,,,,,,
SOL/USDT,long,trend_momentum,2024-12-16 00:00:00,2024-12-16 04:00:00,224.26,223.13,-0.0252,-0.5039,flip_level,1,False,0.633868,225.376562,1.0,True,before_exit,True,0.45,A2,True,False,225.37656200899335,223.55691520806536,-1.3871679399884442,-1.485077494354762,0.09790955436631776,-0.2512167818054163,52.06683491559673,4.885073652561778,0.16279047322105256,0.8933497245958844,0.13221941807338786,225.37656200899335,,,,,,,,,,,,,
SOL/USDT,long,trend_momentum,2024-12-17 12:00:00,2024-12-18 00:00:00,221.6,217.5,-0.0925,-1.8502,flip_level,3,False,0.62261,223.142729,3.0,True,before_exit,True,0.45,A2,True,False,223.1427291125145,223.08246909466985,-1.7860699066103791,-1.8306542412615237,0.04458433465114453,-0.379246211870492,51.49608629027463,5.20960774404586,0.005402487975788221,1.0,0.14173189516208945,223.1427291125145,,,,,,,,,,,,,
SOL/USDT,short,trend_momentum,2024-12-26 16:00:00,2024-12-30 16:00:00,188.7,196.21,-0.199,-3.9799,time_stop,24,False,0.857497,196.619084,,False,never,True,0.45,A2,True,False,196.61908415706114,211.22779571115495,0.24062511767229466,0.6215780564541481,-0.38095293878185343,0.045801813632992294,42.99897056672936,5.111296327430674,1.0,1.0,0.0499828427788227,196.61908415706114,,,,,,,,,,,,,
SOL/USDT,short,trend_momentum,2024-12-30 16:00:00,2024-12-31 08:00:00,187.32,193.79,-0.1727,-3.454,flip_level,4,False,0.856975,193.00873,4.0,True,before_exit,True,0.45,A2,True,False,193.00872951691022,206.78320504642898,0.08387211415004003,0.2673338897257276,-0.18346177557568755,0.21117030597545816,42.78998823399412,4.496231694831151,1.0,1.0,0.04649980389990205,193.00872951691022,,,,,,,,,,,,,
SOL/USDT,short,trend_momentum,2025-01-01 00:00:00,2025-01-01 16:00:00,189.31,193.1,-0.1001,-2.002,flip_level,4,False,0.82935,192.966208,4.0,True,before_exit,True,0.45,A2,True,False,192.96620792702646,205.7132580606318,0.35329916441079945,0.37773210265819074,-0.02443293824739129,0.3190115559558368,46.46314300104289,5.0342585682365115,1.0,0.8527683112320149,0.10771905001738145,192.96620792702646,,,,,,,,,,,,,
SOL/USDT,short,trend_momentum,2025-01-05 00:00:00,2025-01-05 04:00:00,216.67,216.47,0.0046,0.0923,flip_level,1,False,0.617277,203.056845,1.0,True,before_exit,True,0.45,A2,True,True,203.05684469788068,206.100546344578,5.579911263623416,5.603998871589255,-0.024087607965839197,0.12198366570260077,68.85154170025012,3.7629281676695268,0.2953608518444752,0.4852314047722889,0.48085902833750205,203.05684469788068,,,,,,,,,,,,,
SOL/USDT,long,trend_momentum,2025-01-29 20:00:00,2025-01-30 04:00:00,231.68,238.9,0.1558,3.1164,flip_level,2,False,0.717708,240.114351,2.0,True,before_exit,True,0.45,A2,True,True,240.11435135265432,224.7796579344464,-4.660953431795463,-4.681458121223136,0.02050468942767303,-0.1787325485779414,43.71181365672002,8.087214174110892,1.0,0.30795097315992404,0.2714697723879997,240.11435135265432,,,,,,,,,,,,,
SOL/USDT,long,trend_momentum,2025-01-30 04:00:00,2025-01-30 20:00:00,240.25,238.31,-0.0404,-0.8075,flip_level,4,False,0.869671,239.668865,4.0,True,before_exit,True,0.45,A2,True,False,239.66886489724072,224.96679274923918,-3.763925712060569,-4.505481714574216,0.7415560025136472,-0.037650375917969825,52.13143096262353,8.706934670534391,1.0,1.0,0.13114281728960778,239.66886489724072,,,,,,,,,,,,,
SOL/USDT,long,trend_momentum,2025-02-03 20:00:00,2025-02-04 00:00:00,215.19,215.48,0.0067,0.1348,flip_level,1,False,0.654003,225.130125,1.0,True,before_exit,True,0.45,A2,True,True,225.13012537675831,224.0897762447502,-7.887115400480525,-8.034057477665788,0.14694207718526364,-1.0483156060164944,47.68371593800297,10.387650900007868,0.0928511018612336,1.0,0.20527140103328384,225.13012537675831,,,,,,,,,,,,,
SOL/USDT,short,trend_momentum,2025-02-11 20:00:00,2025-02-15 20:00:00,195.65,194.48,0.0299,0.598,time_stop,24,False,0.85382,203.826627,,False,never,True,0.45,A2,True,True,203.82662667341594,215.09022254916428,-0.08101129280649388,0.1425620364863831,-0.223573329292877,0.22049182236334464,41.52780393063628,5.500410981495587,1.0,1.0,0.025463398843938022,203.82662667341594,,,,,,,,,,,,,
SOL/USDT,short,trend_momentum,2025-02-15 20:00:00,2025-02-17 16:00:00,194.18,177.863118,0.4201,8.403,take_profit,11,True,0.715995,199.060268,,False,never,True,0.45,A2,True,True,199.06026837803515,211.01149228084725,-0.5774469503473654,-0.44858262899774,-0.1288643213496254,0.015204797978667361,43.590180863700745,4.206852773152845,1.0,0.4280786822625108,0.05983634772834575,199.06026837803515,,,,,,,,,,,,,
SOL/USDT,short,trend_momentum,2025-03-04 00:00:00,2025-03-08 00:00:00,142.16,139.68,0.0872,1.7445,time_stop,24,False,0.858129,152.054113,,False,never,True,0.45,A2,True,True,152.0541127596559,177.51117258400743,2.4154702491907756,3.371459036753504,-0.9559887875627284,0.12084093121808337,43.25170566252766,8.760426665135146,1.0,1.0,0.054195094375461036,152.0541127596559,,,,,,,,,,,,,
SOL/USDT,short,trend_momentum,2025-03-08 00:00:00,2025-03-11 00:00:00,139.39,112.570679,0.962,19.2405,take_profit,18,True,0.759127,147.037259,,False,never,True,0.45,A2,True,True,147.03725941554114,170.28596370073208,-0.9520933899148929,-0.6520593269813679,-0.30003406293352497,0.039571705848275185,42.72416292835743,6.9675094544858265,1.0,0.6092667885853297,0.04540271547262383,147.03725941554114,,,,,,,,,,,,,
SOL/USDT,short,trend_momentum,2025-03-16 16:00:00,2025-03-19 12:00:00,128.77,132.32,-0.1378,-2.7569,flip_level,17,False,0.864755,131.749348,17.0,True,before_exit,True,0.45,A2,True,False,131.74934825895429,153.64776278199597,1.248820435057695,1.345191285085328,-0.09637085002763301,0.3051870920237838,45.902016058469364,3.541278162344304,1.0,1.0,0.09836693430782274,131.74934825895429,,,,,,,,,,,,,
SOL/USDT,short,trend_momentum,2025-03-21 00:00:00,2025-03-22 08:00:00,127.6,130.34,-0.1074,-2.1473,flip_level,8,False,0.831462,129.774068,8.0,True,before_exit,True,0.45,A2,True,False,129.7740677823364,147.86395637202583,0.3568904340931738,0.41307407895641546,-0.05618364486324168,0.16600360112346774,45.95493980905835,3.2059914313747093,1.0,0.8662969425476478,0.0992489968176392,129.7740677823364,,,,,,,,,,,,,
SOL/USDT,short,trend_momentum,2025-03-26 16:00:00,2025-03-26 20:00:00,139.33,137.34,0.0714,1.4283,flip_level,1,False,0.879251,135.664256,1.0,True,before_exit,True,0.45,A2,True,True,135.6642563478724,144.44392226151626,2.973995405543917,3.234421250725761,-0.26042584518184375,0.1496204906333336,51.700393681976486,3.34856376252493,1.0,1.0,0.19500656136627476,135.6642563478724,,,,,,,,,,,,,
SOL/USDT,short,trend_momentum,2025-04-14 16:00:00,2025-04-14 20:00:00,128.8,129.42,-0.0241,-0.4814,flip_level,1,False,0.873574,121.85994,1.0,True,before_exit,True,0.45,A2,True,False,121.85993966414023,128.3186459966692,4.047060116606389,4.225693083524211,-0.1786329669178226,0.1430528585891473,57.37345170889781,4.368057859817832,1.0,0.9205630849873451,0.2895575284816302,121.85993966414023,,,,,,,,,,,,,
SOL/USDT,short,trend_momentum,2025-04-18 20:00:00,2025-04-19 00:00:00,134.21,138.82,-0.1717,-3.4349,flip_level,1,False,0.464209,128.044767,1.0,True,before_exit,True,0.45,A2,True,False,128.04476679706747,128.96075988606506,1.9412254917855023,1.9622707637394565,-0.021045271953954225,0.013964710605812503,58.40260968066431,3.3469580174751608,0.14205764448144717,0.13075299412545793,0.3067101613444052,128.04476679706747,,,,,,,,,,,,,
SOL/USDT,long,trend_momentum,2025-05-01 08:00:00,2025-05-03 20:00:00,149.79,146.71,-0.1028,-2.0562,flip_level,15,False,0.817309,146.83094,15.0,True,before_exit,True,0.45,A2,True,False,146.83094015294174,138.31491697681108,-0.2545024055351348,-0.3788954874368413,0.1243930819017065,-0.08394256233984998,54.13308325525859,3.212805188670088,1.0,0.8105675259125934,0.09778194574569016,146.83094015294174,,,,,,,,,,,,,
SOL/USDT,long,trend_momentum,2025-05-06 00:00:00,2025-05-06 04:00:00,146.72,145.28,-0.0491,-0.9815,flip_level,1,False,0.767217,146.950156,1.0,True,before_exit,True,0.45,A2,True,False,146.95015555923192,140.54832430246867,-0.7711008758688536,-0.8044158790076433,0.03331500313878977,-0.10018726221367369,49.926265501467604,2.539409774249662,0.910979378592392,0.657152041323807,0.16789557497553992,146.95015555923192,,,,,,,,,,,,,
SOL/USDT,long,trend_momentum,2025-05-06 08:00:00,2025-05-06 12:00:00,145.27,143.18,-0.0719,-1.4387,flip_level,1,False,0.63053,146.797241,1.0,True,before_exit,True,0.45,A2,True,False,146.7972408680184,140.63561522492174,-0.7934214745722272,-0.8043769985568402,0.01095552398461297,-0.01080000218139987,46.282361124711464,2.5019910808581276,0.8762539465187736,0.10869106574987857,0.22862731458814226,146.7972408680184,,,,,,,,,,,,,
SOL/USDT,long,trend_momentum,2025-05-07 00:00:00,2025-05-07 12:00:00,146.89,145.75,-0.0388,-0.7761,flip_level,3,False,0.80954,146.449147,3.0,True,before_exit,True,0.45,A2,True,False,146.44914736948593,140.78276002227855,-0.7583619693352261,-0.87713985201507,0.1187778826798439,-0.08503015731221597,52.47564493886846,2.659473845803545,0.8049831309331743,0.9579340304175864,0.12540591768552561,146.44914736948593,,,,,,,,,,,,,
SOL/USDT,long,trend_momentum,2025-05-18 12:00:00,2025-05-18 16:00:00,170.78,166.65,-0.1209,-2.4183,flip_level,1,False,0.841263,169.249471,1.0,True,before_exit,True,0.45,A2,True,False,169.24947119844987,155.19001975275273,-1.208703787673926,-1.232545441294445,0.023841653620519043,-0.2426092875020136,51.18078061809031,3.798375046089327,1.0,0.87685832062865,0.14698698969849483,169.24947119844987,,,,,,,,,,,,,
SOL/USDT,long,trend_momentum,2025-05-20 04:00:00,2025-05-20 08:00:00,169.18,166.47,-0.0801,-1.6018,flip_level,1,False,0.8017,168.531631,1.0,True,before_exit,True,0.45,A2,True,False,168.53163148144708,156.33319508136148,-1.2905044085707118,-1.3848643285190714,0.09435991994835957,-0.18850025009290472,50.94367330421434,4.936561275954225,1.0,0.716237868400074,0.1509387782630943,168.53163148144708,,,,,,,,,,,,,
SOL/USDT,long,trend_momentum,2025-05-26 12:00:00,2025-05-27 00:00:00,177.91,173.51,-0.1237,-2.4732,flip_level,3,False,0.739281,173.806577,3.0,True,before_exit,True,0.45,A2,True,False,173.8065773243434,162.1851445149907,0.5034960197785381,0.38822686893845304,0.11526915084008504,-0.04574421210999252,56.15428200751642,3.880463178296026,1.0,0.5186667014734473,0.06409529987472631,173.8065773243434,,,,,,,,,,,,,
SOL/USDT,long,trend_momentum,2025-05-27 16:00:00,2025-05-28 04:00:00,178.45,173.89,-0.1278,-2.5553,flip_level,3,False,0.759566,174.308916,3.0,True,before_exit,True,0.45,A2,True,False,174.3089162401291,163.10705592082576,0.4785275048083122,0.33948640348296993,0.13904110132534225,-0.04171745164072738,56.865469680406754,3.7228845406863837,1.0,0.6069169987364939,0.052242171993220766,174.3089162401291,,,,,,,,,,,,,
SOL/USDT,long,trend_momentum,2025-06-01 20:00:00,2025-06-02 00:00:00,155.88,155.46,-0.0135,-0.2694,flip_level,1,False,0.697493,165.051335,1.0,True,before_exit,True,0.45,A2,True,False,165.0513347755535,163.15660236933422,-4.3644566145241015,-4.5165322636989735,0.15207564917487204,-0.11536898417693386,39.00255522583752,3.5274103224582696,0.23225936047996512,0.9477371814707909,0.34995741290270804,165.0513347755535,,,,,,,,,,,,,
SOL/USDT,short,trend_momentum,2025-06-05 04:00:00,2025-06-08 16:00:00,153.84,153.84,0.0,0.0,breakeven,21,True,0.493955,160.346862,,False,never,True,0.45,A2,True,False,160.34686183649984,161.9606596420699,-1.3420378887586821,-1.2664421111137945,-0.07559577764488767,0.016422615669855478,41.11502484114112,3.1479897675526223,0.19928269113456765,0.36538553215454883,0.01858374735235202,160.34686183649984,,,,,,,,,,,,,
SOL/USDT,short,trend_momentum,2025-06-12 04:00:00,2025-06-13 00:00:00,159.87,145.678884,0.4438,8.8767,take_profit,5,True,0.686611,157.809879,,False,never,True,0.45,A2,True,True,157.8098785954945,159.65877294234951,2.650302594732011,2.8525466017182373,-0.20224400698622613,0.16287631078584308,51.48388103658081,3.6453004205149964,0.23160573174674565,1.0,0.19139801727634687,157.8098785954945,,,,,,,,,,,,,
SOL/USDT,short,trend_momentum,2025-06-17 16:00:00,2025-06-21 16:00:00,147.62,137.28,0.3502,7.0045,time_stop,24,True,0.745925,152.608694,,False,never,True,0.45,A2,True,True,152.60869400215316,157.0573708585915,0.034760718645145516,0.1824070467907292,-0.14764632814558368,0.2470474525593998,41.71952802105657,3.8366084465042998,0.5665034161871663,1.0,0.028658800350942808,152.60869400215316,,,,,,,,,,,,,
SOL/USDT,short,trend_momentum,2025-06-26 16:00:00,2025-06-27 12:00:00,143.0,143.47,-0.0164,-0.3287,flip_level,5,False,0.792924,143.251166,5.0,True,before_exit,True,0.45,A2,True,False,143.25116620463103,150.76805424357028,1.1261392102225045,1.1518031648848486,-0.025663954662344057,0.15245939233189088,50.6039798778779,3.3305953307643072,0.9971459904623411,0.6685116672270685,0.17673299796463163,143.25116620463103,,,,,,,,,,,,,
SOL/USDT,short,trend_momentum,2025-07-01 08:00:00,2025-07-02 00:00:00,150.06,148.87,0.0397,0.793,flip_level,4,False,0.713692,147.64243,4.0,True,before_exit,True,0.45,A2,True,True,147.64243001501103,150.26358031040888,2.4663274312354986,2.588209852285744,-0.1218824210502456,0.283247849654475,50.589375854505256,3.3384943346173315,0.3488736645277824,1.0,0.17648959757508761,147.64243001501103,,,,,,,,,,,,,
SOL/USDT,short,trend_momentum,2025-07-03 20:00:00,2025-07-04 00:00:00,151.81,151.69,0.004,0.079,flip_level,1,False,0.506225,149.088617,1.0,True,before_exit,True,0.45,A2,True,True,149.0886173406659,150.306310606031,1.0394478653300894,1.0491509855957974,-0.009703120265708076,0.07191068302241788,52.45387005011656,3.015304565380249,0.1620282289486554,0.33833150813835755,0.20756450083527594,149.0886173406659,,,,,,,,,,,,,
SOL/USDT,short,trend_momentum,2025-07-08 04:00:00,2025-07-08 08:00:00,148.64,151.31,-0.0898,-1.7963,flip_level,1,False,0.559095,149.372169,1.0,True,before_exit,True,0.45,A2,True,False,149.37216873994225,150.0995842725649,0.11576037523622063,0.18788893539692295,-0.07212856016070232,0.052376119953597755,44.997535440978844,2.2572164860278665,0.09692439005050596,0.6894812753062346,0.08329225734964739,149.37216873994225,,,,,,,,,,,,,
SOL/USDT,short,trend_momentum,2025-07-08 16:00:00,2025-07-08 20:00:00,149.84,151.67,-0.0611,-1.2213,flip_level,1,False,0.441398,149.473556,1.0,True,before_exit,False,0.45,A2,True,False,149.47355572204862,150.1045385777224,0.152753383867946,0.16792248972042145,-0.01516910585247544,0.018306836901090612,49.68674019929273,2.266135065525955,0.08407245532380259,0.18465328513967294,0.16144566998821214,149.47355572204862,,,,,,,,,,,,,
SOL/USDT,long,trend_momentum,2025-07-26 12:00:00,2025-07-28 20:00:00,187.75,183.11,-0.1236,-2.4714,flip_level,14,False,0.814281,184.18134,14.0,True,before_exit,True,0.45,A2,True,False,184.1813396995013,168.20154133932635,-1.0671354648570457,-1.1286411116139545,0.06150564675690884,-0.25751770432460797,52.099037695185665,5.124933223291096,1.0,0.7781158728850921,0.1316827050802389,184.1813396995013,,,,,,,,,,,,,
SOL/USDT,long,trend_momentum,2025-08-03 16:00:00,2025-08-03 20:00:00,162.1,161.97,-0.004,-0.0802,flip_level,1,False,0.688641,173.456955,1.0,True,before_exit,True,0.45,A2,True,False,173.4569554496055,171.10577216847292,-4.996980546742947,-5.152763959830948,0.1557834130880016,-0.09377560236630522,34.25245501722176,3.7937622815779792,0.2748222051582875,0.82226757019718,0.42912574971297063,173.4569554496055,,,,,,,,,,,,,
SOL/USDT,long,trend_momentum,2025-08-17 16:00:00,2025-08-18 00:00:00,195.48,186.38564,-0.2326,-4.6523,stop_loss,2,False,0.820144,187.886121,2.0,True,before_exit,True,0.45,A2,True,False,187.88612098587865,177.9056926359439,0.6796845104667568,0.48250991459255743,0.1971745958741994,-0.10841258453727276,57.98906911102274,4.439270709257406,1.0,0.8604656046718939,0.03351551481628772,187.88612098587865,,,,,,,,,,,,,
SOL/USDT,long,trend_momentum,2025-08-20 16:00:00,2025-08-21 08:00:00,183.02,184.03,0.0276,0.5519,flip_level,4,False,0.773816,184.538332,4.0,True,before_exit,True,0.45,A2,True,True,184.5383316028933,178.52949480954177,-2.33572377519053,-2.561921825276592,0.22619805008606164,-0.09684543498680931,48.981526681632296,4.428018488769093,0.6731477955238541,0.9119301497165581,0.18364122197279506,184.5383316028933,,,,,,,,,,,,,
SOL/USDT,long,trend_momentum,2025-08-27 08:00:00,2025-08-29 16:00:00,202.44,202.44,0.0,0.0,breakeven,14,True,0.853679,193.923964,,False,never,True,0.45,A2,True,False,193.92396373858568,184.11211176355948,0.5508464032006941,0.3257259668835317,0.2251204363171624,-0.2665388145972525,58.52841556677051,5.7117451472322935,1.0,1.0,0.024526407220491465,193.92396373858568,,,,,,,,,,,,,
SOL/USDT,long,trend_momentum,2025-09-02 20:00:00,2025-09-06 12:00:00,205.53,201.26,-0.1039,-2.0776,flip_level,22,False,0.82083,201.497829,22.0,True,before_exit,True,0.45,A2,True,False,201.49782936911078,190.68773955880908,-0.464510403072552,-0.7458961526413319,0.28138574956877993,-0.06248858770176291,55.375887560049314,5.135045590411451,1.0,0.8370771281774285,0.07706854066584476,201.49782936911078,,,,,,,,,,,,,
SOL/USDT,long,trend_momentum,2025-09-07 16:00:00,2025-09-09 04:00:00,205.2,217.69704,0.3045,6.0902,take_profit,9,True,0.819728,203.648324,,False,never,True,0.45,A2,True,True,203.6483241320757,194.35044971699858,-0.5274572933220156,-0.6229137349063718,0.09545644158435618,-0.11399568740131927,53.4376369882197,3.0568953012600955,0.9568153228990319,0.8564740870391288,0.10937271686300498,203.6483241320757,,,,,,,,,,,,,
SOL/USDT,long,trend_momentum,2025-09-26 20:00:00,2025-09-27 00:00:00,200.68,203.88,0.0797,1.5946,flip_level,1,False,0.672592,216.557455,1.0,True,before_exit,True,0.45,A2,True,True,216.55745537671396,215.78096094215763,-7.639373137092548,-7.807129485715718,0.16775634862317013,-0.41679526593671934,38.160376657149605,5.515748703108642,0.07197061605119777,1.0,0.36399372238083993,216.55745537671396,,,,,,,,,,,,,
SOL/USDT,short,trend_momentum,2025-10-16 04:00:00,2025-10-20 04:00:00,193.64,193.64,0.0,0.0,breakeven,24,True,0.694238,202.976476,,False,never,True,0.45,A2,True,False,202.97647633735028,212.09582382622222,-1.145997371971987,-0.9081572219939347,-0.23784014997805225,0.020024651084291634,43.857973743060114,6.737038265602579,0.8599271144861154,0.47844614891629933,0.06429956238433523,202.97647633735028,,,,,,,,,,,,,
SOL/USDT,short,trend_momentum,2025-10-21 08:00:00,2025-10-21 12:00:00,185.04,193.867222,-0.2385,-4.7704,stop_loss,1,False,0.800486,192.007641,1.0,True,before_exit,True,0.45,A2,True,False,192.0076412909124,205.47179204276554,-0.5964653905039938,-0.5855721475271064,-0.01089324297688743,0.2706339295400516,42.40553267092988,4.523888637164171,1.0,0.7778904254079302,0.04009221118216466,192.0076412909124,,,,,,,,,,,,,
SOL/USDT,short,trend_momentum,2025-10-22 04:00:00,2025-10-24 04:00:00,185.23,192.15,-0.1868,-3.7359,flip_level,12,False,0.79707,191.528068,12.0,True,before_exit,True,0.45,A2,True,False,191.52806774954902,204.69002080075603,-0.3247399673768143,-0.26756026150977297,-0.05717970586704135,0.25286170325989754,44.61858336130577,5.222408118192189,1.0,0.7420939777928159,0.07697638935509611,191.52806774954902,,,,,,,,,,,,,
SOL/USDT,short,trend_momentum,2025-10-28 12:00:00,2025-10-28 16:00:00,199.73,195.35,0.1096,2.193,flip_level,1,False,0.698983,194.884264,1.0,True,before_exit,True,0.45,A2,True,True,194.88426412493826,201.33082986700626,2.584872959974348,2.695476087702388,-0.11060312772803993,0.0629134656046535,56.55326953648619,3.67618122868804,0.6403952883248365,0.5900028539759253,0.27588782560810315,194.88426412493826,,,,,,,,,,,,,
SOL/USDT,short,trend_momentum,2025-11-11 16:00:00,2025-11-13 16:00:00,160.88,143.934347,0.5267,10.5331,take_profit,12,True,0.862086,165.89408,,False,never,True,0.45,A2,True,True,165.89407995036004,183.35121315952856,0.7887623050915238,0.8876161163702815,-0.0988538112787577,0.31144540684304234,44.83423501317173,4.2699834601300815,1.0,1.0,0.08057058355286213,165.89407995036004,,,,,,,,,,,,,
SOL/USDT,short,trend_momentum,2025-11-21 00:00:00,2025-11-24 00:00:00,133.67,133.67,0.0,0.0,breakeven,18,True,0.824456,142.642171,,False,never,True,0.45,A2,True,False,142.6421705115989,165.5826609313106,-1.164610438027239,-1.1383966035329116,-0.02621383449432746,0.2910708303524432,41.700878257149654,4.50271867807951,1.0,0.8808141467714852,0.028347970952494233,142.6421705115989,,,,,,,,,,,,,
SOL/USDT,short,trend_momentum,2025-11-28 04:00:00,2025-11-28 08:00:00,139.68,140.99,-0.0469,-0.9379,flip_level,1,False,0.87372,137.777972,1.0,True,before_exit,True,0.45,A2,True,False,137.7779720154002,154.83283266251,2.08532297572188,2.199586743900793,-0.11426376817891315,0.12330524282968325,52.88621063270594,3.074078302271486,1.0,0.9660172401637135,0.21477017721176567,137.7779720154002,,,,,,,,,,,,,
SOL/USDT,short,trend_momentum,2025-12-05 04:00:00,2025-12-08 08:00:00,138.55,138.55,0.0,0.0,breakeven,19,True,0.875437,137.546292,19.0,True,before_exit,True,0.45,A2,True,False,137.54629161783004,148.62544975351742,1.6819095107843225,1.8497709467970755,-0.16786143601275305,0.09774974521374835,50.17477531032175,3.184515665575189,1.0,1.0,0.16957958850536248,137.54629161783004,,,,,,,,,,,,,
SOL/USDT,short,trend_momentum,2025-12-12 20:00:00,2025-12-16 20:00:00,131.27,129.15,0.0807,1.615,time_stop,24,True,0.857005,135.376311,,False,never,True,0.45,A2,True,True,135.37631094460946,143.5434506058387,-0.23471521842418497,-0.1059660238184077,-0.12874919460577727,0.18831523649751924,42.80193023617057,3.7395890925484427,1.0,1.0,0.0466988372695095,135.37631094460946,,,,,,,,,,,,,
SOL/USDT,short,trend_momentum,2025-12-23 08:00:00,2025-12-26 00:00:00,124.19,124.19,0.0,0.0,breakeven,16,True,0.779777,126.836427,,False,never,True,0.45,A2,True,False,126.83642686809995,135.76539600972194,-0.14345398794151265,-0.09097327022576812,-0.05248071771574453,0.07412727141342709,43.648511476787604,2.3184162649672104,1.0,0.6826211013219526,0.06080852461312673,126.83642686809995,,,,,,,,,,,,,
SOL/USDT,short,trend_momentum,2025-12-29 20:00:00,2025-12-30 12:00:00,123.07,125.16,-0.0849,-1.6982,flip_level,4,False,0.865041,124.448932,4.0,True,before_exit,True,0.45,A2,True,False,124.44893220141051,131.81622531068692,0.37776107472691933,0.40482909742990586,-0.027068022702986527,0.15346918509935292,46.01628231970897,2.0424393816390802,1.0,1.0,0.10027137199514952,124.44893220141051,,,,,,,,,,,,,
SOL/USDT,short,trend_momentum,2026-01-01 00:00:00,2026-01-01 08:00:00,124.64,125.22,-0.0233,-0.4653,flip_level,2,False,0.694884,124.655949,2.0,True,before_exit,True,0.45,A2,True,False,124.65594894045829,130.97329156236026,0.3285554068648935,0.36203413184695976,-0.03347872498206628,0.025807407356300383,49.70851894252983,2.3320959436398665,0.9646764690027047,0.317772798435099,0.1618086490421638,124.65594894045829,,,,,,,,,,,,,
SOL/USDT,long,trend_momentum,2026-01-21 20:00:00,2026-01-22 00:00:00,131.49,129.86,-0.062,-1.2396,flip_level,1,False,0.656634,136.047263,1.0,True,before_exit,True,0.45,A2,True,False,136.04726294590344,135.59678186027833,-3.1798026214750337,-3.382537632422775,0.2027350109477415,-0.13399949979249648,43.99079608307749,2.67711554153673,0.06644421489136798,1.0,0.26682006528204183,136.04726294590344,,,,,,,,,,,,,
SOL/USDT,short,trend_momentum,2026-01-29 08:00:00,2026-01-29 16:00:00,123.78,115.920004,0.3175,6.35,take_profit,2,True,0.71294,127.259721,,False,never,True,0.45,A2,True,True,127.25972118177776,132.09234039292906,-0.3624373583177345,-0.36059986592460724,-0.001837492393127249,0.11006844015953066,42.704228939725404,2.018460411834694,0.7317031701877527,0.6930154035752193,0.04507048232875673,127.25972118177776,,,,,,,,,,,,,
SOL/USDT,short,trend_momentum,2026-02-16 04:00:00,2026-02-16 20:00:00,85.15,86.45,-0.0763,-1.5267,flip_level,4,False,0.872889,86.348845,4.0,True,before_exit,True,0.45,A2,True,False,86.3488454305295,104.44218686732944,0.9868567547582217,1.0313040827059479,-0.04444732794772621,0.15217733418319535,49.155657820990605,2.1359792462348133,1.0,1.0,0.1525942970165101,86.3488454305295,,,,,,,,,,,,,
SOL/USDT,short,trend_momentum,2026-02-22 20:00:00,2026-02-23 00:00:00,83.3,77.606463,0.3417,6.835,take_profit,1,True,0.856609,84.599841,16.0,False,after_exit,True,0.45,A2,True,True,84.5998408525966,97.73814565007973,0.16273811794806647,0.247522886774376,-0.08478476882630953,0.028863935090439052,43.870841330056976,1.4382600826970644,1.0,0.9877273353059991,0.06451402216761627,84.5998408525966,,,,,,,,,,,,,
SOL/USDT,short,trend_momentum,2026-02-27 16:00:00,2026-02-28 16:00:00,82.7,82.7,0.0,0.0,breakeven,6,True,0.861681,83.861703,7.0,False,after_exit,True,0.45,A2,True,False,83.86170347386215,93.97604771460284,0.8989776060254968,1.1303090308704546,-0.23133142484495783,0.03531662439204308,44.67242846880761,2.3207187300917145,1.0,1.0,0.07787380781346016,83.86170347386215,,,,,,,,,,,,,
SOL/USDT,short,trend_momentum,2026-03-02 08:00:00,2026-03-02 12:00:00,82.96,87.978213,-0.3024,-6.049,stop_loss,1,False,0.761597,83.634703,1.0,True,before_exit,True,0.45,A2,True,False,83.63470315581972,92.38282690201743,0.19876836551797794,0.21670247353015687,-0.01793410801217893,0.09845393001319969,47.68476452144546,2.554422396778476,1.0,0.569541856958358,0.12807940869075765,83.63470315581972,,,,,,,,,,,,,
SOL/USDT,short,trend_momentum,2026-03-03 16:00:00,2026-03-03 20:00:00,85.03,86.97,-0.1141,-2.2815,flip_level,1,False,0.696531,84.270276,1.0,True,before_exit,True,0.45,A2,True,False,84.27027635779947,91.89191613208706,0.5319393721219683,0.5706037775079679,-0.03866440538599958,0.01942777919150096,50.90926329168077,2.6211905413822607,1.0,0.27703148464583843,0.18182105486134623,84.27027635779947,,,,,,,,,,,,,
SOL/USDT,short,trend_momentum,2026-03-04 04:00:00,2026-03-04 08:00:00,85.77,91.213781,-0.3173,-6.347,stop_loss,1,False,0.65667,84.460121,1.0,True,before_exit,True,0.45,A2,True,False,84.46012094306678,91.71607645032792,0.5547021726015373,0.5564126834066576,-0.0017105108051203022,0.020644122794361452,52.3967677502197,2.720497674714586,1.0,0.10271389775138769,0.20661279583699504,84.46012094306678,,,,,,,,,,,,,
SOL/USDT,short,trend_momentum,2026-03-06 00:00:00,2026-03-06 04:00:00,88.78,88.7,0.0045,0.0901,flip_level,1,False,0.782684,86.52315,1.0,True,before_exit,True,0.45,A2,True,True,86.52315006134342,91.56768725528116,1.3480142765668859,1.4763752481757104,-0.12836097160882454,0.00330752187686012,52.61859631957757,2.7224542064902826,1.0,0.60454870632805,0.21030993865962616,86.52315006134342,,,,,,,,,,,,,
SOL/USDT,short,trend_momentum,2026-03-14 08:00:00,2026-03-14 12:00:00,87.32,86.72,0.0344,0.6871,flip_level,1,False,0.742329,86.502342,1.0,True,before_exit,True,0.45,A2,True,True,86.50234229586472,89.33345734739449,0.8044859049497148,0.8056237776271097,-0.0011378726773948467,0.12948535264395478,50.83452851789896,1.9740209055695908,0.6338308480596014,0.8271393235553093,0.180575475298316,86.50234229586472,,,,,,,,,,,,,
SOL/USDT,long,trend_momentum,2026-03-21 08:00:00,2026-03-21 12:00:00,90.12,89.82,-0.0166,-0.3329,flip_level,1,False,0.489244,89.859042,1.0,True,before_exit,True,0.45,A2,True,False,89.8590423980329,89.83258041563305,-0.38932900280293836,-0.4144114627886331,0.02508245998569475,-0.03234478934948287,49.57489867740877,1.6065112617834063,0.005891399818956221,0.44683198541218894,0.17375168870985386,89.8590423980329,,,,,,,,,,,,,
SOL/USDT,short,trend_momentum,2026-04-07 08:00:00,2026-04-07 16:00:00,79.87,81.63,-0.1102,-2.2036,flip_level,2,False,0.764674,81.624089,2.0,True,before_exit,True,0.45,A2,True,False,81.62408886870958,85.6745336752888,-0.09758685847576487,-0.048642593600782096,-0.048944264874982775,0.02431908927229129,42.61489274323953,1.3330232107290212,0.9455423059390391,0.6870037366716859,0.04358154572065883,81.62408886870958,,,,,,,,,,,,,
SOL/USDT,short,trend_momentum,2026-04-09 08:00:00,2026-04-09 12:00:00,82.29,83.75,-0.0887,-1.7742,flip_level,1,False,0.710848,82.056613,1.0,True,before_exit,True,0.45,A2,True,False,82.05661290224344,85.33861899342057,0.520695573751695,0.5224918654416688,-0.0017962916899738612,0.06725052276270149,51.43648005330907,1.541622278679421,0.7691725340505357,0.5598551555688304,0.19060800088848448,82.05661290224344,,,,,,,,,,,,,
SOL/USDT,short,trend_momentum,2026-04-10 04:00:00,2026-04-10 08:00:00,82.89,83.52,-0.038,-0.76,flip_level,1,False,0.650225,82.277191,1.0,True,before_exit,True,0.45,A2,True,False,82.27719077290907,85.23763227794727,0.5348321648603331,0.5381285303186826,-0.0032963654583494373,0.04602945564186667,52.673594953207406,1.6245637991568205,0.6946325058360711,0.3795312711465775,0.21122658255345678,82.27719077290907,,,,,,,,,,,,,
SOL/USDT,short,trend_momentum,2026-04-12 04:00:00,2026-04-13 16:00:00,82.32,84.09,-0.1075,-2.1501,flip_level,9,False,0.732138,83.061674,9.0,True,before_exit,True,0.45,A2,True,False,83.06167378402488,85.13432352763303,0.550824037025734,0.6744677816722792,-0.12364374464654515,0.07332282729653006,44.163818398364285,1.5200273605841115,0.4869128355581305,1.0,0.0693969733060714,83.06167378402488,,,,,,,,,,,,,
SOL/USDT,short,trend_momentum,2026-04-15 04:00:00,2026-04-15 08:00:00,83.45,83.61,-0.0096,-0.1917,flip_level,1,False,0.683142,83.421482,1.0,True,before_exit,True,0.45,A2,True,False,83.42148227337537,84.88018675467065,0.3762981640781362,0.39534179925312624,-0.019043635174990026,0.086012695102965,47.81119127622987,1.4418983985143297,0.34370906499331044,0.910746644720257,0.13018652127049785,83.42148227337537,,,,,,,,,,,,,
SOL/USDT,long,trend_momentum,2026-04-21 12:00:00,2026-04-21 16:00:00,85.85,84.57,-0.0745,-1.491,flip_level,1,False,0.492713,85.477207,1.0,True,before_exit,True,0.45,A2,True,False,85.47720724433687,85.29170460644173,-0.19491947161196777,-0.19686332586507724,0.0019438542531094727,-0.043430942037607334,50.63940962579212,1.3076359366085601,0.04349840087054153,0.43374836814671186,0.15600983957013134,85.47720724433687,,,,,,,,,,,,,
SOL/USDT,long,trend_momentum,2026-04-22 00:00:00,2026-04-23 00:00:00,86.04,86.04,0.0,0.0,breakeven,6,True,0.500163,85.485439,10.0,False,after_exit,True,0.45,A2,True,False,85.48543904749296,85.29933696407693,-0.1539933408204064,-0.1839975148597111,0.03000417403930472,-0.023381225605626443,51.74970749465465,1.4063178399158176,0.04363505978819194,0.4745139943624588,0.13750487508908915,85.48543904749296,,,,,,,,,,,,,
SOL/USDT,long,trend_momentum,2026-04-25 04:00:00,2026-04-25 16:00:00,86.46,85.68,-0.0451,-0.9022,flip_level,3,False,0.460364,85.98591,3.0,True,before_exit,True,0.45,A2,True,False,85.98590997161968,85.50808002016524,0.018932832036441027,0.016590100925736102,0.002342731110704925,-0.02024179944982319,51.98337147559019,1.1313727910779978,0.11176252614764656,0.24952573920185336,0.1336104754068302,85.98590997161968,,,,,,,,,,,,,
SOL/USDT,long,trend_momentum,2026-04-26 08:00:00,2026-04-27 04:00:00,86.63,85.27,-0.0785,-1.5699,flip_level,5,False,0.521744,86.038689,5.0,True,before_exit,True,0.45,A2,True,False,86.03868946710912,85.55495745538707,0.012668225039931258,0.004331871828176121,0.008336353211755137,-0.029970343063015915,53.70757988045551,0.9371057444812306,0.11308100105696342,0.5109708336060987,0.1048736686590748,86.03868946710912,,,,,,,,,,,,,
SOL/USDT,long,trend_momentum,2026-05-19 00:00:00,2026-05-19 04:00:00,85.38,85.51,0.0076,0.1523,flip_level,1,False,0.638517,88.73592,1.0,True,before_exit,True,0.45,A2,True,True,88.73591971287347,87.95508372293631,-1.6004986458301858,-1.6483499983663568,0.04785135253617101,-0.03467228018660817,36.848221148613696,1.3846304691142535,0.17755335038889597,0.7449969013715394,0.3858629808564384,88.73591971287347,,,,,,,,,,,,,
SOL/USDT,short,trend_momentum,2026-05-26 04:00:00,2026-05-30 04:00:00,84.23,82.37,0.1104,2.2082,time_stop,24,True,0.643164,86.016927,,False,never,True,0.45,A2,True,True,86.01692697643514,87.07641122746037,-0.14300919675775958,-0.11343482355372668,-0.029574373204032903,0.06310556578296639,42.15048109463837,1.2761524060543148,0.243345869700038,0.9078063339780936,0.03584135157730621,86.01692697643514,,,,,,,,,,,,,
SOL/USDT,short,trend_momentum,2026-06-10 20:00:00,2026-06-11 16:00:00,63.56,67.115541,-0.2797,-5.594,stop_loss,5,False,0.722662,68.110468,16.0,False,after_exit,True,0.45,A2,True,False,68.11046808163448,77.99423426211075,-0.7882625597312938,-0.7841644643352877,-0.00409809539600603,0.06613722464040683,40.63973918203513,1.812983618931923,1.0,0.4842523072394771,0.01066231970058548,68.11046808163448,,,,,,,,,,,,,
SOL/USDT,short,trend_momentum,2026-06-14 20:00:00,2026-06-15 00:00:00,67.57,70.273052,-0.2,-4.0004,stop_loss,1,False,0.792841,67.602393,1.0,True,before_exit,True,0.45,A2,True,False,67.60239318238192,75.66537385864588,0.5453596773911329,0.5574743887350233,-0.012114711343890416,0.047560038854917,52.795005961641465,1.1593356441777742,1.0,0.6434153743406427,0.2132500993606911,67.60239318238192,,,,,,,,,,,,,
SOL/USDT,short,trend_momentum,2026-06-17 04:00:00,2026-06-17 08:00:00,73.68,72.04,0.1113,2.2258,flip_level,1,False,0.805721,70.148027,1.0,True,before_exit,True,0.45,A2,True,True,70.14802728134342,75.37775906444621,1.71756520793015,1.7661627361984147,-0.04859752826826469,0.022925380951159147,63.10651755128178,1.510658581618929,1.0,0.5918189431556964,0.3851086258546964,70.14802728134342,,,,,,,,,,,,,
SOL/USDT,short,trend_momentum,2026-06-23 00:00:00,2026-06-24 16:00:00,71.95,66.194962,0.3999,7.9987,take_profit,10,True,0.79745,71.603359,21.0,False,after_exit,True,0.45,A2,True,True,71.60335940059717,74.31809361002342,0.5532360015307631,0.6546391632508166,-0.10140316172005348,0.01552322854878807,47.944773883028745,1.4917409032697646,0.7305715412108236,0.9797813247306318,0.1324128980504791,71.60335940059717,,,,,,,,,,,,,
SOL/USDT,short,trend_momentum,2026-06-30 20:00:00,2026-07-01 00:00:00,73.74,75.48,-0.118,-2.3596,flip_level,1,False,0.539926,71.78815,1.0,True,before_exit,True,0.45,A2,True,False,71.78815049731546,73.10838656479153,0.8688820615868593,0.8733237471014944,-0.004441685514635085,0.030027400595411646,55.903237099692625,1.7990090376872607,0.36117226203755126,0.23950050686209243,0.2650539516615437,71.78815049731546,,,,,,,,,,,,,
SOL/USDT,long,trend_momentum,2026-07-10 08:00:00,2026-07-10 12:00:00,78.87,78.14,-0.0463,-0.9256,flip_level,1,False,0.715619,78.746607,1.0,True,before_exit,True,0.45,A2,True,False,78.7466072891675,76.00535892803806,-0.5315893572850143,-0.5928439114219107,0.0612545541368964,-0.005439580886983264,48.91622388809661,1.3226531635404866,0.7213302850723597,0.6303063499783305,0.1847296018650565,78.7466072891675,,,,,,,,,,,,,
SOL/USDT,long,trend_momentum,2026-07-12 20:00:00,2026-07-13 00:00:00,77.67,75.470038,-0.1416,-2.8324,stop_loss,1,False,0.657843,78.264468,1.0,True,before_exit,True,0.45,A2,True,False,78.26446812058735,76.24684618932577,-0.49354100104683596,-0.5024951109526824,0.008954109905846441,-0.04069380644634191,46.80355843839647,1.088440984511323,0.529234199733771,0.5701723503925061,0.21994069269339214,78.26446812058735,,,,,,,,,,,,,
SOL/USDT,long,trend_momentum,2026-07-14 16:00:00,2026-07-15 16:00:00,77.39,77.18,-0.0136,-0.2714,flip_level,6,False,0.693858,77.401305,6.0,True,before_exit,True,0.45,A2,True,False,77.40130549547503,76.2060889767825,-0.6779365228421739,-0.743309293016013,0.06537277017383913,-0.10251339163317919,53.824977824601184,1.2394843452521445,0.31368005752313993,1.0,0.10291703625664693,77.40130549547503,,,,,,,,,,,,,
SOL/USDT,long,trend_momentum,2026-07-18 20:00:00,2026-07-19 00:00:00,75.45,75.96,0.0338,0.6759,flip_level,1,False,0.56323,76.418466,1.0,True,before_exit,True,0.45,A2,True,True,76.41846593469492,76.17224059394736,-0.4826799958908765,-0.4988061018439298,0.016126105953053305,-0.03128458237645204,45.73747699960264,0.9178944581325796,0.06464962533007654,0.6456446042004728,0.2377087166732893,76.41846593469492,,,,,,,,,,,,,
SOL/USDT,short,trend_momentum,2026-07-31 20:00:00,2026-08-02 00:00:00,73.08,73.08,0.0,0.0,breakeven,7,True,0.533751,74.595261,,False,never,True,0.45,A2,True,False,74.59526121747462,75.65779003623574,-0.3229038641922699,-0.29805639863315125,-0.024847465559118653,0.009649854130242719,40.92873929882722,0.9693753022824626,0.280877572091977,0.444839573591041,0.015478988313786957,74.59526121747462,,,,,,,,,,,,,
SOL/USDT,short,trend_momentum,2026-08-06 12:00:00,2026-08-07 12:00:00,73.46,73.88,-0.0286,-0.5717,flip_level,6,False,0.568703,73.815824,6.0,True,before_exit,True,0.45,A2,True,False,73.81582392470757,75.01431072367605,0.09257116405817101,0.1190863313427912,-0.026515167284620195,0.007264254199252862,47.528659295972005,0.8796930383648809,0.3195355092665559,0.4799887575935033,0.12547765493286675,73.81582392470757,,,,,,,,,,,,,
SOL/USDT,short,trend_momentum,2026-08-10 16:00:00,2026-08-10 20:00:00,75.96,75.99,-0.002,-0.0395,flip_level,1,False,0.643839,74.935476,1.0,True,before_exit,True,0.45,A2,True,False,74.9354759493085,75.07611152835379,0.747861385703601,0.7589332142617355,-0.0110718285581346,0.08287313786020567,53.78923610929815,0.8614364035489729,0.03746480103519518,1.0,0.22982060182163586,74.9354759493085,,,,,,,,,,,,,
SOL/USDT,long,trend_momentum,2026-08-16 16:00:00,2026-08-16 20:00:00,75.57,74.43028,-0.0754,-1.5082,stop_loss,1,False,0.48346,75.493409,1.0,True,before_exit,True,0.45,A2,True,False,75.4934087109172,75.2766979714777,-0.09737713236647494,-0.09749490540312579,0.0001177730366508506,-0.01671504955446483,49.854111760770905,0.561387875419325,0.05757711091992993,0.3748037526314252,0.1690981373204849,75.4934087109172,,,,,,,,,,,,,
SOL/USDT,long,trend_momentum,2026-08-17 08:00:00,2026-08-19 12:00:00,75.79,78.44695,0.1753,3.5057,take_profit,13,True,0.575052,75.464524,,False,never,True,0.45,A2,True,True,75.46452372222262,75.27715039395622,-0.09660244064208712,-0.1151082768000259,0.018505836157938785,-0.02246686209013124,53.109708874875224,0.6553326507145799,0.04978225857004467,0.7815248142182651,0.11483818541874627,75.46452372222262,,,,,,,,,,,,,
EUR/USD,short,trend_momentum,2024-11-01 12:00:00,2024-11-03 15:00:00,1.0867,1.0891,-0.011,-0.2209,flip_level,2,False,0.82226,1.086228,2.0,True,before_exit,True,0.45,A2,True,False,1.0862284523669297,1.094769006944964,0.0012730114630525868,0.0012768309036548374,-3.819440602250606e-06,0.00021034298501747001,50.891526492537025,0.0022727656461788304,0.780123891328221,1.0,0.18152544154228376,1.0862284523669297,,,,,,,,,,,,,
EUR/USD,short,trend_momentum,2024-11-04 23:00:00,2024-11-05 03:00:00,1.08935,1.09175,-0.011,-0.2203,flip_level,1,False,0.68335,1.087379,1.0,True,before_exit,True,0.45,A2,True,False,1.0873791007358762,1.0942797650201195,0.0012435097763749958,0.0013205254193005404,-7.701564292554456e-05,1.9767287833599148e-05,53.569660032275564,0.002133323088826501,0.630612436127467,0.5670902081478788,0.22616100053792607,1.0873791007358762,,,,,,,,,,,,,
EUR/USD,short,trend_momentum,2024-12-02 03:00:00,2024-12-04 23:00:00,1.05085,1.0539,-0.0145,-0.2902,flip_level,17,False,0.864059,1.053862,17.0,True,before_exit,True,0.45,A2,True,False,1.0538616781683872,1.0700057994299588,0.0009610070295620332,0.0010240072489879292,-6.300021942589598e-05,0.0003033892632570356,45.623624376920546,0.0032652918463393897,1.0,1.0,0.09372707294867576,1.0538616781683872,,,,,,,,,,,,,
EUR/USD,short,trend_momentum,2024-12-08 23:00:00,2024-12-09 03:00:00,1.054,1.05715,-0.0149,-0.2989,flip_level,1,False,0.868842,1.054332,1.0,True,before_exit,True,0.45,A2,True,False,1.0543317465735342,1.06582479097814,0.0011187611301763933,0.0013062605650287127,-0.00018749943485231934,6.47854226300303e-05,47.53676105268799,0.003027796924249543,1.0,1.0,0.12561268421146654,1.0543317465735342,,,,,,,,,,,,,
EUR/USD,short,trend_momentum,2024-12-09 15:00:00,2024-12-09 19:00:00,1.05585,1.0559,-0.0002,-0.0047,flip_level,1,False,0.766168,1.054765,1.0,True,before_exit,True,0.45,A2,True,False,1.0547646736963563,1.0654890311794358,0.0010692230224373933,0.0011966166300662587,-0.00012739360762886536,1.3830351178872489e-05,50.663526309329505,0.0031634007903656733,1.0,0.558038516799088,0.17772543848882508,1.0547646736963563,,,,,,,,,,,,,
EUR/USD,short,trend_momentum,2024-12-17 23:00:00,2024-12-18 03:00:00,1.0541,1.0539,0.0009,0.019,flip_level,1,False,0.584107,1.053147,1.0,True,before_exit,True,0.45,A2,True,True,1.0531469040320456,1.061255342248,0.0005345100069504838,0.0005428782558218147,-8.368248871330904e-06,3.6000763704942176e-06,52.76613443872652,0.003345033438800923,0.7640421577316867,0.04472423617279049,0.21276890731210862,1.0531469040320456,,,,,,,,,,,,,
EUR/USD,short,trend_momentum,2025-01-08 03:00:00,2025-01-13 03:00:00,1.0363,1.022977,0.0643,1.2856,take_profit,19,True,0.841464,1.040301,,False,never,True,0.45,A2,True,True,1.0403014687941023,1.0504214921184611,-2.1235715739642558e-05,0.00011306406526463299,-0.00013429978100427554,0.0001030467359400837,43.77509362933152,0.003075451774469021,0.9634250060848442,0.9646815100252112,0.06291822715552536,1.0403014687941023,,,,,,,,,,,,,
EUR/USD,short,trend_momentum,2025-01-17 15:00:00,2025-01-19 19:00:00,1.0302,1.0332,-0.0146,-0.2912,flip_level,2,False,0.794297,1.032576,2.0,True,before_exit,True,0.45,A2,True,False,1.0325761402526132,1.0432204260329836,0.0002247078813497616,0.0003114393408621475,-8.673145951238587e-05,8.465518900711003e-05,44.37561145106237,0.00292096301280682,1.0,0.7334338357249797,0.07292685751770615,1.0325761402526132,,,,,,,,,,,,,
EUR/USD,short,trend_momentum,2025-01-23 07:00:00,2025-01-23 11:00:00,1.04275,1.04475,-0.0096,-0.1918,flip_level,1,False,0.711075,1.037061,1.0,True,before_exit,True,0.45,A2,True,False,1.0370606611953097,1.042812538778905,0.0029181972128553557,0.0029958690660516598,-7.767185319630405e-05,8.192621229106967e-05,60.50263440229037,0.002900931490366666,0.5515734966449891,0.687701803788553,0.3417105733715061,1.0370606611953097,,,,,,,,,,,,,
EUR/USD,short,trend_momentum,2025-01-27 03:00:00,2025-01-27 07:00:00,1.04805,1.054666,-0.0316,-0.6313,stop_loss,1,False,0.68749,1.04152,1.0,True,before_exit,True,0.45,A2,True,False,1.0415201103193001,1.043461627078428,0.003230728062644239,0.003413533889941196,-0.00018280582729695693,5.869034611845911e-05,58.062358810092896,0.003070063981536613,0.18606498875899502,0.9832701161432457,0.3010393135015483,1.0415201103193001,,,,,,,,,,,,,
EUR/USD,short,trend_momentum,2025-01-27 11:00:00,2025-01-27 15:00:00,1.05225,1.04605,0.0295,0.5892,flip_level,1,True,0.44345,1.042402,1.0,True,before_exit,False,0.45,A2,True,True,1.042401760687532,1.043650431241374,0.0034098734146925658,0.0034131355660406526,-3.2621513480868107e-06,1.6688557459097059e-06,63.581627073139884,0.003360930871993334,0.11964452047000912,0.01833943958460527,0.39302711788566475,1.042401760687532,,,,,,,,,,,,,
EUR/USD,short,trend_momentum,2025-02-07 11:00:00,2025-02-12 11:00:00,1.0373,1.044295,-0.0337,-0.6743,stop_loss,19,False,0.610599,1.03964,19.0,True,before_exit,True,0.45,A2,True,False,1.039640101003604,1.0420469681467237,0.00020938468899145413,0.00036322058670439284,-0.00015383589771293871,4.94528830443107e-05,44.96447821757335,0.0033357730553425866,0.23097491923999028,0.7617753717974809,0.08274130362622252,1.039640101003604,,,,,,,,,,,,,
EUR/USD,long,trend_momentum,2025-03-03 07:00:00,2025-03-04 11:00:00,1.046,1.05862,0.0603,1.2065,take_profit,7,True,0.645009,1.045104,,False,never,True,0.45,A2,True,True,1.0451044145439075,1.0438179777929402,-0.0016399688121464528,-0.0019336069789953774,0.0002936381668489246,-0.00012533212246119366,54.320601329816164,0.003001534596335206,0.1232433985940102,1.0,0.09465664450306394,1.0451044145439075,,,,,,,,,,,,,
EUR/USD,long,trend_momentum,2025-03-27 08:00:00,2025-03-27 12:00:00,1.08355,1.0843,0.0035,0.0692,flip_level,1,False,0.841705,1.086258,1.0,True,before_exit,True,0.45,A2,True,True,1.0862578612596219,1.072271421471225,-0.0020097048360412373,-0.0020848297081963512,7.512487215511395e-05,-0.0001244559154778206,46.0531550173138,0.003015351267867198,1.0,0.8273529760850258,0.23244741637810334,1.0862578612596219,,,,,,,,,,,,,
EUR/USD,long,trend_momentum,2025-04-09 04:00:00,2025-04-10 20:00:00,1.1059,1.132386,0.1197,2.395,take_profit,10,True,0.745597,1.096635,,False,never,True,0.45,A2,True,True,1.0966352024977843,1.0819763924311017,0.0015919510560142847,0.0013873246816368512,0.00020462637437743342,-9.591992060331979e-05,58.0267234338856,0.006676960422398087,1.0,0.5626555273050605,0.03288794276857333,1.0966352024977843,,,,,,,,,,,,,
EUR/USD,long,trend_momentum,2025-04-28 12:00:00,2025-04-30 08:00:00,1.14205,1.1379,-0.0182,-0.3634,flip_level,11,False,0.804457,1.139087,11.0,True,before_exit,True,0.45,A2,True,False,1.139086994205451,1.1128161313307545,-0.0009561128591064616,-0.001166520066768574,0.00021040720766211246,-4.640977340210177e-05,52.43517942730466,0.004325393455896008,1.0,0.7421780922442535,0.12608034287825565,1.139086994205451,,,,,,,,,,,,,
EUR/USD,long,trend_momentum,2025-05-02 08:00:00,2025-05-02 12:00:00,1.13765,1.13345,-0.0185,-0.3692,flip_level,1,False,0.873459,1.138024,1.0,True,before_exit,True,0.45,A2,True,False,1.1380243543684603,1.1179919976148187,-0.0017090410513893595,-0.001799318535656562,9.027748426720245e-05,-0.00023418411668415552,50.616502459504176,0.003643930521630518,1.0,1.0,0.1563916256749304,1.1380243543684603,,,,,,,,,,,,,
EUR/USD,long,trend_momentum,2025-05-13 16:00:00,2025-05-13 20:00:00,1.1213,1.12135,0.0002,0.0045,flip_level,1,False,0.749299,1.126979,1.0,True,before_exit,True,0.45,A2,True,True,1.1269793936610875,1.1216337549933528,-0.004195624344609072,-0.004679643382550697,0.00048401903794162426,-7.22239212770032e-05,47.939820683231034,0.00394403188382671,0.47659395448261194,1.0,0.2010029886128161,1.1269793936610875,,,,,,,,,,,,,
EUR/USD,long,trend_momentum,2025-05-18 20:00:00,2025-05-20 20:00:00,1.12085,1.133782,0.0577,1.1538,take_profit,12,True,0.566597,1.12348,,False,never,True,0.45,A2,True,True,1.123480013160556,1.121482988304902,-0.0009200316113233686,-0.0009735824952022703,5.3550883878901684e-05,-0.00010013134043274584,49.77276794506707,0.0032779569695993347,0.17807000877226564,0.5860442408828819,0.17045386758221545,1.123480013160556,,,,,,,,,,,,,
EUR/USD,long,trend_momentum,2025-05-29 16:00:00,2025-06-03 08:00:00,1.13785,1.13785,0.0,0.0,breakeven,17,True,0.739554,1.132383,,False,never,True,0.45,A2,True,False,1.1323834467071834,1.1263525376156158,-0.0005347412932554807,-0.0007470475211381356,0.0002123062278826549,-0.0003031016763066607,57.722221057992996,0.0038797737267812545,0.5354370758851785,1.0,0.037962982366783395,1.1323834467071834,,,,,,,,,,,,,
EUR/USD,long,trend_momentum,2025-06-05 08:00:00,2025-06-11 04:00:00,1.14325,1.14365,0.0017,0.035,time_stop,24,False,0.612796,1.137954,,False,never,True,0.45,A2,True,True,1.1379539704276322,1.1298179458839472,0.001354387069252283,0.0013338772900589498,2.0509779193333272e-05,-5.411851940369337e-05,58.214175386737345,0.002978398239696218,0.7201181901319101,0.313206514840668,0.029763743554377577,1.1379539704276322,,,,,,,,,,,,,
EUR/USD,long,trend_momentum,2025-06-11 08:00:00,2025-06-12 04:00:00,1.1436,1.156933,0.0583,1.1659,take_profit,5,True,0.613805,1.140836,,False,never,True,0.45,A2,True,True,1.1408355780095152,1.132633191654383,0.0004583709343704001,0.00044528207989666017,1.308885447373994e-05,-5.2524532789965386e-05,54.980017723561886,0.002920483386616545,0.7241873552329258,0.28083273630482847,0.08366637127396856,1.1408355780095152,,,,,,,,,,,,,
EUR/USD,long,trend_momentum,2025-06-20 04:00:00,2025-06-23 04:00:00,1.15825,1.15375,-0.0194,-0.3885,flip_level,7,False,0.7384,1.154565,7.0,True,before_exit,True,0.45,A2,True,False,1.154565154448269,1.1412716468262856,2.8040096238690637e-05,-8.48363175960176e-06,3.6523727998292396e-05,-9.547441884280832e-05,53.26261343022153,0.0033934420126547292,1.0,0.4862251452539078,0.11228977616297454,1.154565154448269,,,,,,,,,,,,,
EUR/USD,long,trend_momentum,2025-06-23 12:00:00,2025-06-25 20:00:00,1.1603,1.176328,0.0691,1.3814,take_profit,14,True,0.856911,1.155405,,False,never,True,0.45,A2,True,True,1.155405071594215,1.1426588741017896,8.827073718897793e-05,8.542355538654734e-05,2.8471818024305946e-06,-0.00030331625314170484,56.84376672248231,0.003842102075618331,1.0,0.9960804948644644,0.052603887958628213,1.155405071594215,,,,,,,,,,,,,
EUR/USD,long,trend_momentum,2025-07-10 00:00:00,2025-07-10 04:00:00,1.1785,1.1763,-0.0093,-0.1867,flip_level,1,False,0.795346,1.177836,1.0,True,before_exit,True,0.45,A2,True,False,1.1778364379620483,1.1609926205860026,-0.0009574595118395646,-0.0010116184908112967,5.4158978971732136e-05,-9.390065828677758e-05,49.57238660655883,0.002733317202704702,1.0,0.6771059955646573,0.17379355655735285,1.1778364379620483,,,,,,,,,,,,,
EUR/USD,long,trend_momentum,2025-07-15 04:00:00,2025-07-15 08:00:00,1.17385,1.169165,-0.02,-0.3991,stop_loss,1,False,0.84154,1.175705,1.0,True,before_exit,True,0.45,A2,True,False,1.1757051400329064,1.1631123919278965,-0.001436149573709855,-0.0014953558572026902,5.9206283492835125e-05,-9.566045825128893e-05,46.18164530191982,0.0023380351948746633,1.0,0.8279748209287868,0.23030591163466962,1.1757051400329064,,,,,,,,,,,,,
EUR/USD,long,trend_momentum,2025-07-16 20:00:00,2025-07-17 00:00:00,1.1681,1.1636,-0.0193,-0.3852,flip_level,1,False,0.734062,1.172847,1.0,True,before_exit,True,0.45,A2,True,False,1.1728474224449004,1.1634863067784103,-0.002345001892608778,-0.0024122154249490695,6.721353234029163e-05,-8.404239420711996e-05,41.59235960068316,0.003452709524226419,0.8045746316009692,0.5475986521820878,0.30679400665528067,1.1728474224449004,,,,,,,,,,,,,
EUR/USD,long,trend_momentum,2025-07-17 20:00:00,2025-07-18 00:00:00,1.16595,1.1673,0.0058,0.1158,flip_level,1,False,0.729469,1.171045,1.0,True,before_exit,True,0.45,A2,True,True,1.171044794287971,1.1635391253041367,-0.0024685981827170522,-0.002541252703057668,7.265452034061577e-05,-0.00012027708068585493,43.05054979404112,0.003429003513474174,0.6450723332464046,0.7033078278731391,0.28249083676598136,1.171044794287971,,,,,,,,,,,,,
EUR/USD,short,trend_momentum,2025-08-08 08:00:00,2025-08-08 12:00:00,1.16715,1.16705,0.0004,0.0086,flip_level,1,False,0.606167,1.163566,1.0,True,before_exit,True,0.45,A2,True,True,1.163565672757486,1.1641843258711426,0.0026205547271336282,0.0026968112151208386,-7.625648798721034e-05,0.00014192417363695841,56.12581386593757,0.0033658701750599257,0.05314047783574052,0.8102684086006239,0.2687635644322929,1.163565672757486,,,,,,,,,,,,,
EUR/USD,long,trend_momentum,2025-08-15 16:00:00,2025-08-18 20:00:00,1.1724,1.167565,-0.0206,-0.4124,stop_loss,8,False,0.53567,1.167987,8.0,True,before_exit,True,0.45,A2,True,False,1.1679871470561418,1.1655861710629416,0.0009592954302937162,0.0009591751431224866,1.202871712296591e-07,-0.00010464316776172885,57.84362781956361,0.0025421631117182163,0.20598871647650693,0.515129489774115,0.03593953634060654,1.1679871470561418,,,,,,,,,,,,,
EUR/USD,long,trend_momentum,2025-08-28 00:00:00,2025-09-02 00:00:00,1.1652,1.16565,0.0019,0.0386,flip_level,13,True,0.541013,1.166375,13.0,True,before_exit,True,0.45,A2,True,True,1.1663749310360232,1.1660748127858132,-0.0008788488594284605,-0.0009226006562996772,4.375179687121677e-05,-0.00010010699875995189,49.75138928752118,0.002828176385761386,0.025737478154856733,0.6358284279732069,0.1708101785413137,1.1663749310360232,,,,,,,,,,,,,
EUR/USD,long,trend_momentum,2025-09-05 00:00:00,2025-09-08 16:00:00,1.16775,1.177443,0.0415,0.83,take_profit,11,True,0.548733,1.166702,,False,never,True,0.45,A2,True,True,1.1667016757793622,1.1663436631129542,-0.00017058836562688917,-0.00027475139528472954,0.00010416302965784036,-3.8441111783962356e-05,54.71578281495072,0.0025057186136978487,0.030695298283909943,0.7113934335156288,0.08807028641748799,1.1667016757793622,,,,,,,,,,,,,
EUR/USD,long,trend_momentum,2025-09-11 20:00:00,2025-09-12 04:00:00,1.1734,1.1734,0.0,0.0,breakeven,2,True,0.576048,1.170599,,False,never,True,0.45,A2,True,False,1.1705994010554948,1.1679251184222004,0.00029453687926395133,0.0002613719184168833,3.316496084706806e-05,-0.00010088387960643572,56.680193090092445,0.0026099238438079386,0.2289772341661074,0.6420150954382037,0.05533011516512592,1.1705994010554948,,,,,,,,,,,,,
EUR/USD,long,trend_momentum,2025-09-23 00:00:00,2025-09-24 04:00:00,1.186,1.1805,-0.0232,-0.4637,flip_level,7,False,0.718414,1.181918,7.0,True,before_exit,True,0.45,A2,True,False,1.1819182199503335,1.1735751801186776,0.00017496657608839783,6.868888801497922e-05,0.00010627768807341861,-7.106269573863126e-05,57.014810320602166,0.0030246478192387763,0.7109079991630595,0.7328968296905791,0.04975316132329723,1.1819182199503335,,,,,,,,,,,,,
EUR/USD,long,trend_momentum,2025-09-28 20:00:00,2025-09-29 00:00:00,1.1757,1.17795,0.0096,0.1914,flip_level,1,False,0.712953,1.179277,1.0,True,before_exit,True,0.45,A2,True,True,1.1792768473568191,1.1746293786224773,-0.002335624518987167,-0.002457661656082606,0.00012203713709543892,-4.863806935573832e-05,42.82493423143046,0.0024122790249929784,0.3956540521566111,0.8844085027211664,0.2862510961428256,1.1792768473568191,,,,,,,,,,,,,
EUR/USD,long,trend_momentum,2025-10-03 12:00:00,2025-10-06 00:00:00,1.17935,1.174344,-0.0212,-0.4245,stop_loss,2,False,0.572795,1.178537,2.0,True,before_exit,True,0.45,A2,True,False,1.1785366996140274,1.1755059332379045,-5.4855098820860704e-05,-0.00015385678504072672,9.900168621986602e-05,-1.9093408330384182e-05,54.9188626795885,0.0025340452562639094,0.2578265485887167,0.5825423512974501,0.08468562200685834,1.1785366996140274,,,,,,,,,,,,,
EUR/USD,short,trend_momentum,2025-10-19 16:00:00,2025-10-19 20:00:00,1.16925,1.1705,-0.0053,-0.1069,flip_level,1,False,0.690131,1.168764,1.0,True,before_exit,True,0.45,A2,True,False,1.1687638149825144,1.1718033118274997,0.0016564759703450171,0.0017276089359941165,-7.113296564909932e-05,0.00021545958370743318,50.11364618317378,0.0025296567725096118,0.2593862651100641,1.0,0.16856076971956296,1.1687638149825144,,,,,,,,,,,,,
EUR/USD,short,trend_momentum,2025-10-29 04:00:00,2025-10-29 08:00:00,1.1663,1.16945,-0.0135,-0.2701,flip_level,1,False,0.676431,1.166853,1.0,True,before_exit,True,0.45,A2,True,False,1.1668531321703859,1.1697488097004007,0.0005679251278694064,0.0006365463057916226,-6.862117792221618e-05,8.615190113186533e-05,46.976239455564944,0.0019573394598343097,0.24754695247405292,0.9884149008776381,0.11627065759274906,1.1668531321703859,,,,,,,,,,,,,
EUR/USD,short,trend_momentum,2025-11-14 11:00:00,2025-11-14 15:00:00,1.1632,1.1637,-0.0021,-0.043,flip_level,1,False,0.691841,1.160429,1.0,True,before_exit,True,0.45,A2,True,False,1.1604291509508091,1.1638894761898357,0.001721095603922862,0.0017251976552619928,-4.102051339130832e-06,0.00016503074942742944,55.962755584604444,0.0023221582521958948,0.29730703041963263,0.9104289113727703,0.2660459264100741,1.1604291509508091,,,,,,,,,,,,,
EUR/USD,short,trend_momentum,2025-12-01 23:00:00,2025-12-02 03:00:00,1.16205,1.162,0.0002,0.0043,flip_level,1,False,0.539673,1.158975,1.0,True,before_exit,True,0.45,A2,True,True,1.1589745325488119,1.1612025196019498,0.001485809049989406,0.0015031321561611807,-1.7323106171774575e-05,4.700088924699999e-05,58.75938734940211,0.0021202140736700224,0.19186894753738604,0.37923054691496194,0.31265645582336854,1.1589745325488119,,,,,,,,,,,,,
EUR/USD,long,trend_momentum,2026-01-05 23:00:00,2026-01-06 03:00:00,1.17725,1.1744,-0.0121,-0.2421,flip_level,1,False,0.734195,1.177695,1.0,True,before_exit,True,0.45,A2,True,False,1.1776948307448483,1.1724667745574147,-0.0012832465418715078,-0.0014776094068304573,0.00019436286495894952,-2.8775455234668085e-05,50.9124187584694,0.002390253480537688,0.44590228916355457,1.0,0.15145968735884333,1.1776948307448483,,,,,,,,,,,,,
EUR/USD,long,trend_momentum,2026-01-12 03:00:00,2026-01-12 07:00:00,1.17195,1.1716,-0.0015,-0.0299,flip_level,1,False,0.630903,1.172836,1.0,True,before_exit,True,0.45,A2,True,False,1.1728356631033554,1.1720487558275605,-0.0015552254297062085,-0.0018698304168308943,0.0003146049871246858,-2.502486207311039e-05,54.35261289251895,0.0021802767220960276,0.06713946598913205,1.0,0.09412311845801753,1.1728356631033554,,,,,,,,,,,,,
EUR/USD,short,trend_momentum,2026-01-14 03:00:00,2026-01-19 23:00:00,1.16795,1.16795,0.0,0.0,breakeven,17,True,0.397766,1.171496,17.0,True,before_exit,False,0.45,A2,True,False,1.1714958637897408,1.1717544022218767,-0.0008856304090845146,-0.0008845547085931039,-1.075700491410766e-06,2.2635294510442417e-05,40.93633225635401,0.0018566493768382268,0.022064216839776135,0.15963565400156302,0.01560553760590011,1.1714958637897408,,,,,,,,,,,,,
EUR/USD,short,trend_momentum,2026-01-22 03:00:00,2026-01-22 07:00:00,1.17185,1.1762,-0.0186,-0.3712,flip_level,1,False,0.504431,1.170419,1.0,True,before_exit,True,0.45,A2,True,False,1.170418608412687,1.1710948936942558,0.001253072283132095,0.0013243762746419454,-7.130399150985034e-05,1.453450134508965e-05,53.84941413193411,0.0025457257982703227,0.05774811974761057,0.4214833983360581,0.2308235688655685,1.170418608412687,,,,,,,,,,,,,
EUR/USD,long,trend_momentum,2026-02-04 03:00:00,2026-02-04 07:00:00,1.1854,1.1819,-0.0148,-0.2953,flip_level,1,False,0.757847,1.186843,1.0,True,before_exit,True,0.45,A2,True,False,1.186843201875522,1.1789126269501076,-0.0021921443919936667,-0.0022126694491536765,2.052505716000977e-05,-0.0001997570532366105,45.859938505082575,0.0033691122931146164,0.6727025179067835,0.8172854272578202,0.23566769158195708,1.186843201875522,,,,,,,,,,,,,
EUR/USD,long,trend_momentum,2026-02-04 15:00:00,2026-02-04 19:00:00,1.18315,1.181,-0.0091,-0.1817,flip_level,1,False,0.610666,1.186384,1.0,True,before_exit,True,0.45,A2,True,False,1.1863838602289796,1.1790270111557222,-0.0021407935966843983,-0.0021922351770290727,5.144158034467439e-05,-1.3378126074374986e-05,42.580253182308276,0.0033140486882752306,0.623976296017677,0.2444883604470528,0.2903291136281954,1.1863838602289796,,,,,,,,,,,,,
EUR/USD,long,trend_momentum,2026-02-05 03:00:00,2026-02-05 07:00:00,1.1819,1.1812,-0.003,-0.0592,flip_level,1,False,0.585339,1.185854,1.0,True,before_exit,True,0.45,A2,True,False,1.1858538633994833,1.1791059909426014,-0.0021470333105924055,-0.002176898718557965,2.986540796555935e-05,-1.4057781626508354e-05,41.275588906649816,0.003019612357648776,0.5722871827228629,0.18182462014043307,0.31207351822250307,1.1858538633994833,,,,,,,,,,,,,
EUR/USD,long,trend_momentum,2026-02-20 15:00:00,2026-02-22 19:00:00,1.1793,1.1835,0.0178,0.3562,flip_level,2,True,0.620169,1.183749,2.0,True,before_exit,True,0.45,A2,True,True,1.1837486257028746,1.1820975434074674,-0.002253151701748557,-0.0023342329016309863,8.108119988242939e-05,-6.872534503741786e-05,41.306222580101206,0.002483319560806689,0.13967394692724597,0.7540639718916382,0.3115629569983132,1.1837486257028746,,,,,,,,,,,,,
EUR/USD,short,trend_momentum,2026-03-11 16:00:00,2026-03-17 08:00:00,1.15765,1.15765,0.0,0.0,breakeven,23,True,0.71974,1.164229,,False,never,True,0.45,A2,True,False,1.1642294911239084,1.1742457300954394,-0.000866675791208138,-0.0007410570623827998,-0.00012561872882533816,5.646001757460305e-05,42.66981859292647,0.003797936603799702,0.8529934335564449,0.5992686470127551,0.04449697654877447,1.1642294911239084,,,,,,,,,,,,,
EUR/USD,short,trend_momentum,2026-03-18 20:00:00,2026-03-19 08:00:00,1.15105,1.157654,-0.0287,-0.5737,stop_loss,3,False,0.851532,1.156875,4.0,False,after_exit,True,0.45,A2,True,False,1.1568752236659565,1.1685964151109962,7.753099221741167e-06,0.00017705190258027905,-0.0001692988033585379,0.00019680462569244213,40.61288661269965,0.003336832910599573,1.0,1.0,0.01021477687832745,1.1568752236659565,,,,,,,,,,,,,
EUR/USD,short,trend_momentum,2026-03-23 04:00:00,2026-03-23 08:00:00,1.15735,1.165859,-0.0368,-0.7352,stop_loss,1,False,0.792874,1.157736,1.0,True,before_exit,True,0.45,A2,True,False,1.1577363839182095,1.1671977554631847,0.001175280298155501,0.001240296588145286,-6.5016289989785e-05,0.00018067247337199893,49.12670459450748,0.0035315419504283927,0.8106057007640981,0.8696228404280342,0.15211174324179133,1.1577363839182095,,,,,,,,,,,,,
EUR/USD,short,trend_momentum,2026-03-25 12:00:00,2026-03-25 16:00:00,1.1615,1.16045,0.0045,0.0904,flip_level,1,False,0.711075,1.160338,1.0,True,before_exit,True,0.45,A2,True,True,1.1603377277318914,1.1667516868965582,0.0015669398042044147,0.0018159111756225607,-0.000248971371418146,4.99970895576551e-06,49.5751180224816,0.003974163619847414,0.5497278672660237,0.7988192757890986,0.1595853003746933,1.1603377277318914,,,,,,,,,,,,,
EUR/USD,short,trend_momentum,2026-04-02 08:00:00,2026-04-06 00:00:00,1.15555,1.1602,-0.0201,-0.4024,flip_level,6,False,0.735034,1.158059,6.0,True,before_exit,True,0.45,A2,True,False,1.158059299087793,1.163820820168695,0.0006574333492614937,0.0007018615002100182,-4.4428150948524515e-05,0.00032761593372473,44.50819951914999,0.003279026700815864,0.49505224352894645,1.0,0.07513665865249983,1.158059299087793,,,,,,,,,,,,,
EUR/USD,long,trend_momentum,2026-04-24 12:00:00,2026-04-24 16:00:00,1.17455,1.1745,-0.0002,-0.0043,flip_level,1,False,0.740538,1.175616,1.0,True,before_exit,True,0.45,A2,True,False,1.1756157900672888,1.1704855466518043,-0.001703772349901378,-0.00185682885270236,0.000153056502800982,-5.6353499761648386e-05,47.614790405543864,0.0022728165059309638,0.4383004497714364,1.0,0.20642015990760226,1.1756157900672888,,,,,,,,,,,,,
EUR/USD,long,trend_momentum,2026-04-28 20:00:00,2026-04-29 00:00:00,1.1742,1.17295,-0.0053,-0.1065,flip_level,1,False,0.55204,1.175037,1.0,True,before_exit,True,0.45,A2,True,False,1.1750365382496453,1.1710344471511187,-0.0005840110163848333,-0.0006372776586860148,5.326664230118148e-05,-4.2589988641155915e-06,48.64692651317459,0.0020377673205990285,0.341756906320118,0.35287174708191565,0.18921789144709014,1.1750365382496453,,,,,,,,,,,,,
EUR/USD,long,trend_momentum,2026-04-30 12:00:00,2026-05-01 12:00:00,1.17525,1.17525,0.0,0.0,breakeven,6,True,0.671049,1.173985,11.0,False,after_exit,True,0.45,A2,True,False,1.173985497811671,1.1711111617260377,-0.0007361608194071945,-0.0009347402389952124,0.00019857941958801792,-0.00010064215868820035,56.124092985666,0.0025669286757568103,0.2454366570460346,1.0,0.06459845023889994,1.173985497811671,,,,,,,,,,,,,
EUR/USD,long,trend_momentum,2026-05-06 00:00:00,2026-05-11 20:00:00,1.17385,1.17745,0.0153,0.3067,time_stop,24,True,0.59584,1.173673,,False,never,True,0.45,A2,True,True,1.1736731742329083,1.1716254649049898,-0.00036324831662781776,-0.00044256662854587624,7.931831191805848e-05,-5.2188258891243454e-05,53.067616846308766,0.0022236146556304094,0.17477507866258168,0.7392612433786271,0.11553971922818723,1.1736731742329083,,,,,,,,,,,,,
EUR/USD,short,trend_momentum,2026-06-01 12:00:00,2026-06-02 00:00:00,1.1631,1.16555,-0.0105,-0.2106,flip_level,3,False,0.686752,1.165131,3.0,True,before_exit,True,0.45,A2,True,False,1.165130734879804,1.1687161708504283,0.0004003563166965485,0.0005810616639220022,-0.00018070534722545376,3.42119520116952e-05,44.02242044806644,0.0022170585561060744,0.30678414999729664,1.0,0.06704034080110735,1.165130734879804,,,,,,,,,,,,,
EUR/USD,short,trend_momentum,2026-06-04 16:00:00,2026-06-05 04:00:00,1.1617,1.16465,-0.0127,-0.2539,flip_level,3,False,0.490212,1.163909,3.0,True,before_exit,True,0.45,A2,True,False,1.1639094422418539,1.167725037708018,-0.0006400100910752826,-0.000637056858214214,-2.953232861068627e-06,2.642145347868472e-05,44.85986828196218,0.0019794620845263442,0.326754616279635,0.18549664685028733,0.08099780469936964,1.1639094422418539,,,,,,,,,,,,,
EUR/USD,short,trend_momentum,2026-06-17 04:00:00,2026-06-17 08:00:00,1.1648,1.16325,0.0067,0.1331,flip_level,1,False,0.568026,1.161036,1.0,True,before_exit,True,0.45,A2,True,True,1.1610357619759584,1.164156358692787,0.0018198113086285161,0.0018723405451166468,-5.252923648813067e-05,6.281110591976457e-06,62.37328585341966,0.001932944904903122,0.26805649374562507,0.38031572272784636,0.3728880975569943,1.1610357619759584,,,,,,,,,,,,,
EUR/USD,short,trend_momentum,2026-07-01 08:00:00,2026-07-02 08:00:00,1.14215,1.146762,-0.0202,-0.4038,stop_loss,6,False,0.826128,1.14561,6.0,True,before_exit,True,0.45,A2,True,False,1.145609831432442,1.155663181511911,4.27382938972265e-06,1.4713307518958512e-05,-1.0439478129235863e-05,0.00016649269123770487,43.458980168949125,0.002098587533783837,0.8699204266693359,1.0,0.05764966948248542,1.145609831432442,,,,,,,,,,,,,
EUR/USD,short,trend_momentum,2026-07-07 12:00:00,2026-07-08 00:00:00,1.1456,1.1458,-0.0009,-0.0175,flip_level,3,False,0.696767,1.145613,3.0,True,before_exit,True,0.45,A2,True,False,1.1456134288455893,1.1537170175212619,0.0006196405700160668,0.000674042131369573,-5.440156135350625e-05,3.5107573490338376e-05,50.46999769496861,0.0019291464909958831,0.7023896287048815,0.5799788615173888,0.1744999615828102,1.1456134288455893,,,,,,,,,,,,,
EUR/USD,short,trend_momentum,2026-07-10 16:00:00,2026-07-13 04:00:00,1.1446,1.1457,-0.0048,-0.0961,flip_level,4,False,0.734301,1.145648,4.0,True,before_exit,True,0.45,A2,True,False,1.1456481986641438,1.1523055695783866,0.0002687508935497185,0.0003213984263553566,-5.264753280563811e-05,9.741762608021852e-05,46.14758554480976,0.0020889149574315406,0.5777435334864026,0.897985090010388,0.10245975908016262,1.1456481986641438,,,,,,,,,,,,,
EUR/USD,short,trend_momentum,2026-07-17 00:00:00,2026-07-17 08:00:00,1.14645,1.1466,-0.0007,-0.0131,flip_level,2,False,0.669667,1.14593,2.0,True,before_exit,True,0.45,A2,True,False,1.1459301320636093,1.1507332912389108,0.0007654412379587416,0.0007757283193325998,-1.0287081373858164e-05,0.00011396711381938054,50.606981922913164,0.002056648083127199,0.41739986249379163,0.7551984477353209,0.17678303204855272,1.1459301320636093,,,,,,,,,,,,,
EUR/USD,short,trend_momentum,2026-08-03 12:00:00,2026-08-03 16:00:00,1.1529,1.1526,0.0013,0.026,flip_level,1,False,0.648489,1.147882,1.0,True,before_exit,True,0.45,A2,True,True,1.1478824796242906,1.1481981383698083,0.002874081763610148,0.003029141937100396,-0.00015506017349024804,8.984085459010516e-05,56.64654658313134,0.002776012257101793,0.02749166149719785,1.0,0.277442443052189,1.1478824796242906,,,,,,,,,,,,,
EUR/USD,long,trend_momentum,2026-08-14 04:00:00,2026-08-17 00:00:00,1.15645,1.1621,0.0244,0.4886,take_profit,6,True,0.674913,1.154409,,False,never,True,0.45,A2,True,True,1.1544092254525953,1.1511388198988386,-9.283595648246212e-05,-0.00017938232332231674,8.654636683985462e-05,-4.736008155274986e-05,58.445027814282135,0.0013558256108939964,0.2841017518672583,1.0,0.025916203095297755,1.1544092254525953,,,,,,,,,,,,,
EUR/USD,long,trend_momentum,2026-08-31 20:00:00,2026-09-01 00:00:00,1.1624,1.16015,-0.0097,-0.1936,flip_level,1,False,0.759739,1.163827,1.0,True,before_exit,True,0.45,A2,True,False,1.1638274653776162,1.158139537382477,-0.0013613234426224086,-0.001428644455460507,6.732101283809838e-05,-6.885277142968825e-05,45.216958970869705,0.0014860410775104698,0.4911263117736675,1.0,0.2463840171521716,1.1638274653776162,,,,,,,,,,,,,
GBP/USD,short,trend_momentum,2024-10-30 20:00:00,2024-10-31 00:00:00,1.2957,1.2995,-0.0147,-0.2933,flip_level,1,False,0.762415,1.298862,1.0,True,before_exit,True,0.45,A2,True,False,1.2988616905800836,1.3077373127081675,0.00017819577456901214,0.0003468626443154023,-0.00016866686974639013,6.381325385607361e-05,44.5795774208933,0.0031410743228312463,0.6787006871971522,0.9251616632908694,0.07632629034822168,1.2988616905800836,,,,,,,,,,,,,
GBP/USD,short,trend_momentum,2024-11-10 15:00:00,2024-11-12 11:00:00,1.2912,1.274722,0.0638,1.2762,take_profit,11,True,0.645696,1.294945,,False,never,True,0.45,A2,True,True,1.2949454922626709,1.3029673416851166,-0.00026520724150014274,-0.00015528418153265566,-0.00010992305996748708,6.841877738333901e-05,45.84497861787576,0.004382503485806957,0.6156600526971904,0.5086756859646505,0.09741631029792934,1.2949454922626709,,,,,,,,,,,,,
GBP/USD,short,trend_momentum,2024-12-02 15:00:00,2024-12-02 19:00:00,1.2649,1.2646,0.0012,0.0237,flip_level,1,False,0.857969,1.26441,1.0,True,before_exit,True,0.45,A2,True,True,1.264409555033435,1.2804603844338274,0.002079113300314628,0.0021858437982967766,-0.00010673049798214877,0.00017907930843578338,51.18778276374048,0.0038832856382284607,1.0,0.9199999467085218,0.18646304606234132,1.264409555033435,,,,,,,,,,,,,
GBP/USD,short,trend_momentum,2024-12-08 15:00:00,2024-12-08 19:00:00,1.2749,1.2723,0.0102,0.2039,flip_level,1,False,0.694652,1.269133,1.0,True,before_exit,True,0.45,A2,True,True,1.2691332179183894,1.2783923015301477,0.0024184311137238623,0.0025401712261386563,-0.00012174011241479401,2.0593836966538784e-06,59.04724576584919,0.0033361349728057415,0.7242756077829806,0.46385824135035886,0.3174540960974865,1.2691332179183894,,,,,,,,,,,,,
GBP/USD,short,trend_momentum,2024-12-09 15:00:00,2024-12-09 19:00:00,1.2754,1.2747,0.0027,0.0549,flip_level,1,False,0.668097,1.270577,1.0,True,before_exit,True,0.45,A2,True,True,1.2705770454143337,1.2782435206843894,0.0021703632882497104,0.0022660046933190734,-9.564140506936308e-05,4.6140340487784304e-05,55.39177482560751,0.0034167378351735336,0.599766409608004,0.5187028987766426,0.25652958042679186,1.2705770454143337,,,,,,,,,,,,,
GBP/USD,short,trend_momentum,2024-12-31 07:00:00,2025-01-02 07:00:00,1.2533,1.240807,0.0498,0.9968,take_profit,5,True,0.698975,1.256654,,False,never,True,0.45,A2,True,True,1.2566535801949745,1.2674966004416188,-0.0002001912433817754,-0.0001729796650606723,-2.7211578321103104e-05,9.190704832121502e-05,46.04128947249769,0.003101914543007977,0.8554674026633596,0.48002058483051746,0.10068815787496146,1.2566535801949745,,,,,,,,,,,,,
GBP/USD,short,trend_momentum,2025-01-27 19:00:00,2025-01-27 23:00:00,1.2449,1.2435,0.0056,0.1125,flip_level,1,False,0.82821,1.235257,1.0,True,before_exit,True,0.45,A2,True,True,1.2352569706594454,1.2442406324390232,0.0049213435689439144,0.004936763517664711,-1.541994872079639e-05,0.0003389242852433333,59.0819086981295,0.004342359337074274,0.7220196435771062,1.0,0.3180318116354917,1.2352569706594454,,,,,,,,,,,,,
GBP/USD,short,trend_momentum,2025-02-06 07:00:00,2025-02-06 11:00:00,1.2422,1.2435,-0.0052,-0.1047,flip_level,1,False,0.638664,1.242656,1.0,True,before_exit,True,0.45,A2,True,False,1.24265598124593,1.243901900646355,0.0019501857753281282,0.0021377263568563617,-0.00018754058152823348,0.0004028818039122921,45.44954613114697,0.0040894710400191615,0.10016219122887929,1.0,0.09082576885244945,1.24265598124593,,,,,,,,,,,,,
GBP/USD,long,trend_momentum,2025-03-03 07:00:00,2025-03-04 15:00:00,1.2661,1.279631,0.0534,1.0687,take_profit,8,True,0.767052,1.261234,,False,never,True,0.45,A2,True,True,1.2612339502991223,1.2528712432663913,-0.0007432855235147695,-0.0009385449936698153,0.0001952594701550458,-0.00031009304416006905,59.9277338688985,0.0032198365463183445,0.6674833569432395,1.0,0.0012044355183583378,1.2612339502991223,,,,,,,,,,,,,
GBP/USD,long,trend_momentum,2025-03-25 08:00:00,2025-03-25 20:00:00,1.2942,1.2933,-0.0035,-0.0695,flip_level,3,False,0.844331,1.293439,3.0,True,before_exit,True,0.45,A2,True,False,1.2934389572567133,1.2778146871900944,-0.0009863778843366422,-0.001012931606545967,2.6553722209324802e-05,-0.00018390532801215308,50.80802867351302,0.002971233306672806,1.0,0.8854027456747852,0.1531995221081163,1.2934389572567133,,,,,,,,,,,,,
GBP/USD,long,trend_momentum,2025-03-27 08:00:00,2025-03-31 08:00:00,1.2931,1.289,-0.0159,-0.3171,flip_level,13,False,0.863754,1.29263,13.0,True,before_exit,True,0.45,A2,True,False,1.292630127026064,1.2793553374537894,-0.0009531564807321313,-0.0010645995052349954,0.00011144302450286406,-0.00011543136049870254,52.10185190140454,0.0029055577294616,1.0,0.9760362989053673,0.13163580164325772,1.292630127026064,,,,,,,,,,,,,
GBP/USD,long,trend_momentum,2025-04-02 08:00:00,2025-04-02 20:00:00,1.2948,1.307395,0.0486,0.9727,take_profit,3,True,0.798928,1.29281,12.0,False,after_exit,True,0.45,A2,True,True,1.292809555729914,1.2824063016218632,-0.00023405881246363336,-0.0003376009477103974,0.00010354213524676402,-0.0001260852251116851,55.58826916259693,0.0030523734382527793,0.8112291786849252,0.9403639700532965,0.07352884729005117,1.292809555729914,,,,,,,,,,,,,
GBP/USD,long,trend_momentum,2025-04-09 04:00:00,2025-04-09 08:00:00,1.28,1.277,-0.0117,-0.2344,flip_level,1,False,0.629033,1.289057,1.0,True,before_exit,True,0.45,A2,True,False,1.28905707178978,1.2844715165033025,-0.004830537463547335,-0.005101651839760095,0.00027111437621276,-1.9319009165250436e-05,42.692088120086794,0.006194668239818949,0.35699937503952717,0.5860551649705837,0.2884651979985534,1.28905707178978,,,,,,,,,,,,,
GBP/USD,long,trend_momentum,2025-05-05 08:00:00,2025-05-05 12:00:00,1.332,1.3296,-0.009,-0.1802,flip_level,1,False,0.870188,1.330763,1.0,True,before_exit,True,0.45,A2,True,False,1.3307628555382445,1.3128912381672775,-0.0014179977279242806,-0.0015086449273723857,9.064719944810507e-05,-0.00022861187101245626,51.92462617930421,0.003479897528896051,1.0,1.0,0.13458956367826314,1.3307628555382445,,,,,,,,,,,,,
GBP/USD,long,trend_momentum,2025-05-09 16:00:00,2025-05-11 16:00:00,1.3314,1.3287,-0.0101,-0.2028,flip_level,1,False,0.837164,1.330682,1.0,True,before_exit,True,0.45,A2,True,False,1.3306822843688877,1.317052385883202,-0.0009988062882904103,-0.0010302337182360676,3.1427429945657306e-05,-0.00025983769499968883,51.93465821623365,0.004194465642568123,1.0,0.8680042637296903,0.1344223630627725,1.3306822843688877,,,,,,,,,,,,,
GBP/USD,long,trend_momentum,2025-05-13 12:00:00,2025-05-14 12:00:00,1.3279,1.3279,0.0,0.0,breakeven,6,True,0.801719,1.32749,6.0,True,before_exit,True,0.45,A2,True,False,1.3274900963203673,1.3176622758766559,-0.0022769519615335465,-0.002539608955668087,0.0002626569941345403,-0.0003409330642604818,53.89771744713984,0.004121259281167046,0.7458527593630075,1.0,0.101704709214336,1.3274900963203673,,,,,,,,,,,,,
GBP/USD,long,trend_momentum,2025-05-19 00:00:00,2025-05-21 00:00:00,1.3298,1.343866,0.0529,1.0578,take_profit,12,True,0.566057,1.328577,,False,never,True,0.45,A2,True,True,1.3285765881002523,1.3199870499228676,0.0004792185510489322,0.0004653859756694359,1.3832575379496299e-05,-2.2356347050535568e-05,52.912935201297465,0.003171639459792315,0.6507289732794377,0.1426270344123603,0.11811774664504225,1.3285765881002523,,,,,,,,,,,,,
GBP/USD,long,trend_momentum,2025-06-11 16:00:00,2025-06-13 00:00:00,1.3538,1.3538,0.0,0.0,breakeven,8,True,0.785563,1.352202,23.0,False,after_exit,True,0.45,A2,True,False,1.352201710248223,1.340407698979703,-0.0006252830824520217,-0.0007074488439121293,8.216576146010757e-05,-0.00013208865314929999,52.68724496828925,0.0033933643202820824,0.8798823878360005,0.7892403909035512,0.1218792505285125,1.352201710248223,,,,,,,,,,,,,
GBP/USD,long,trend_momentum,2025-06-16 12:00:00,2025-06-17 08:00:00,1.3606,1.352493,-0.0298,-0.5958,stop_loss,5,False,0.696473,1.35509,5.0,True,before_exit,True,0.45,A2,True,False,1.3550899976083544,1.3432730969796118,0.001171237371556666,0.0010350771855264637,0.00013616018603020228,-1.8578614471654546e-05,56.7808635176036,0.004080732892449135,0.879709469006203,0.47399206398739313,0.05365227470660668,1.3550899976083544,,,,,,,,,,,,,
GBP/USD,long,trend_momentum,2025-06-19 20:00:00,2025-06-20 00:00:00,1.3484,1.3483,-0.0004,-0.0074,flip_level,1,False,0.751082,1.350785,1.0,True,before_exit,True,0.45,A2,True,False,1.3507850290739565,1.344120462253758,-0.002585741118553919,-0.0029119683127081042,0.00032622719415418503,-2.7955490158851088e-05,49.1502044821074,0.003835575582967602,0.49583106628878537,1.0,0.18082992529821004,1.3507850290739565,,,,,,,,,,,,,
GBP/USD,long,trend_momentum,2025-06-23 12:00:00,2025-06-25 16:00:00,1.3497,1.368845,0.0709,1.4185,take_profit,13,True,0.70508,1.349094,,False,never,True,0.45,A2,True,True,1.3490943846140948,1.344337562770533,-0.0014815379671977436,-0.001736908527926841,0.0002553705607290975,-0.00020594856616713646,53.35230052439474,0.004685180587820489,0.353841324924267,1.0,0.11079499126008763,1.3490943846140948,,,,,,,,,,,,,
GBP/USD,long,trend_momentum,2025-07-08 04:00:00,2025-07-08 08:00:00,1.3648,1.35788,-0.0254,-0.507,stop_loss,1,False,0.74505,1.365582,1.0,True,before_exit,True,0.45,A2,True,False,1.3655820524229212,1.3550317942329884,-0.0014956134924295483,-0.0015353362693776003,3.9722776948051966e-05,-0.0001335134487417491,47.61258852871325,0.0031951656795722546,0.7785985712538035,0.6777278671234376,0.2064568578547791,1.3655820524229212,,,,,,,,,,,,,
GBP/USD,long,trend_momentum,2025-07-09 16:00:00,2025-07-09 20:00:00,1.3603,1.3612,0.0033,0.0662,flip_level,1,False,0.691792,1.363564,1.0,True,before_exit,True,0.45,A2,True,True,1.363564488409051,1.3553627714049534,-0.0021523520377142447,-0.002179183900688839,2.6831862974594292e-05,-0.00013765602725245322,44.21790362382231,0.0034029253144577925,0.6051307573983125,0.604215032020385,0.26303493960296154,1.363564488409051,,,,,,,,,,,,,
GBP/USD,short,trend_momentum,2025-07-24 12:00:00,2025-07-24 16:00:00,1.353,1.3515,0.0055,0.1109,flip_level,1,False,0.653534,1.351033,1.0,True,before_exit,True,0.45,A2,True,True,1.351032833291797,1.3522164920555557,0.0026959410127913586,0.0027593874501778133,-6.344643738645473e-05,0.0003254824031299003,52.65998006986054,0.0027180777138678383,0.08753470843707027,1.0,0.21099966783100896,1.351032833291797,,,,,,,,,,,,,
GBP/USD,short,trend_momentum,2025-08-11 08:00:00,2025-08-11 12:00:00,1.3436,1.3433,0.0011,0.0223,flip_level,1,False,0.748056,1.338247,1.0,True,before_exit,True,0.45,A2,True,True,1.3382468799031217,1.3435931354174147,0.0034491054043312985,0.003637219177274603,-0.00018811377294330458,8.879161076316006e-05,59.43169398821945,0.0029852290900041004,0.39790732576435683,1.0,0.32386156647032416,1.3382468799031217,,,,,,,,,,,,,
GBP/USD,long,trend_momentum,2025-08-26 12:00:00,2025-08-26 16:00:00,1.3485,1.348,-0.0019,-0.0371,flip_level,1,False,0.461428,1.348134,1.0,True,before_exit,True,0.45,A2,True,False,1.3481339576541616,1.3467352123364233,-0.0001672274119626227,-0.00022732640834380492,6.0098996381182225e-05,-2.1713493608596353e-06,51.09793076730446,0.0030786921203953886,0.10386193996602709,0.252827918913684,0.14836782054492564,1.3481339576541616,,,,,,,,,,,,,
GBP/USD,long,trend_momentum,2025-08-27 16:00:00,2025-08-29 04:00:00,1.35,1.3455,-0.0167,-0.3333,flip_level,9,False,0.630775,1.347835,9.0,True,before_exit,True,0.45,A2,True,False,1.3478352567755767,1.3467464793641055,-0.0003007807138051266,-0.00037009992105612827,6.931920725100166e-05,-0.00022490976465327242,55.7743787275031,0.003009619108071966,0.08084501635268909,1.0,0.07042702120828169,1.3478352567755767,,,,,,,,,,,,,
GBP/USD,long,trend_momentum,2025-08-29 16:00:00,2025-09-02 00:00:00,1.3518,1.346081,-0.0212,-0.423,stop_loss,3,False,0.530582,1.348824,3.0,True,before_exit,True,0.45,A2,True,False,1.3488244597305874,1.3471682214954936,0.0006029152032185348,0.0005368411786905187,6.607402452801607e-05,-6.594862184993095e-05,56.178548895782654,0.0029407869351177145,0.12294219895234476,0.5611705696925234,0.06369085173695575,1.3488244597305874,,,,,,,,,,,,,
GBP/USD,long,trend_momentum,2025-09-23 04:00:00,2025-09-23 08:00:00,1.3522,1.3519,-0.0011,-0.0222,flip_level,1,False,0.656226,1.354916,1.0,True,before_exit,True,0.45,A2,True,False,1.3549156821555048,1.3513380622074946,-0.002248483615118868,-0.002427205306780128,0.00017872169166126013,-4.921320016650077e-06,43.68981721654855,0.0028800260512633668,0.26474647966075476,0.7970544728117668,0.2718363797241909,1.3549156821555048,,,,,,,,,,,,,
GBP/USD,short,trend_momentum,2025-10-02 16:00:00,2025-10-03 08:00:00,1.3444,1.3482,-0.0141,-0.2826,flip_level,4,False,0.572313,1.346285,4.0,True,before_exit,True,0.45,A2,True,False,1.3462850153813382,1.3487676575011074,0.0005216345779048837,0.0006607578049638138,-0.00013912322705893015,1.8597507286061544e-05,47.38602931389542,0.0031228140644843907,0.1840674415613492,0.6313245485007487,0.12310048856492367,1.3462850153813382,,,,,,,,,,,,,
GBP/USD,short,trend_momentum,2025-10-06 04:00:00,2025-10-06 08:00:00,1.3445,1.3477,-0.0119,-0.238,flip_level,1,False,0.632637,1.346299,1.0,True,before_exit,True,0.45,A2,True,False,1.3462991427371618,1.3485772440843957,0.0004621116888348098,0.0004970265948574415,-3.491490602263174e-05,0.00018146325743784164,46.28526398295112,0.0030093652604155073,0.16892627821112588,0.8987699428956895,0.10475439971585203,1.3462991427371618,,,,,,,,,,,,,
GBP/USD,short,trend_momentum,2025-10-07 04:00:00,2025-10-09 08:00:00,1.3438,1.331071,0.0474,0.9472,take_profit,13,True,0.650841,1.346342,,False,never,True,0.45,A2,True,True,1.3463418251155497,1.348455582673031,0.0003231255298674629,0.0004440855667745215,-0.00012096003690705861,0.0001432611907431074,44.66097133612793,0.0030269211040563682,0.1567539624324251,1.0,0.07768285560213214,1.3463418251155497,,,,,,,,,,,,,
GBP/USD,short,trend_momentum,2025-10-19 20:00:00,2025-10-20 00:00:00,1.3426,1.3417,0.0034,0.067,flip_level,1,False,0.615252,1.339563,1.0,True,before_exit,True,0.45,A2,True,True,1.3395629262848183,1.3439101156409794,0.0020557426877763074,0.0020605333925745664,-4.7907047982589934e-06,0.00013573178368334613,57.07767317290194,0.0030992699368662924,0.32347322232094944,0.5667564109617741,0.2846278862150323,1.3395629262848183,,,,,,,,,,,,,
GBP/USD,short,trend_momentum,2025-11-11 23:00:00,2025-11-12 11:00:00,1.314,1.314,0.0,0.0,breakeven,3,True,0.789504,1.315025,8.0,False,after_exit,True,0.45,A2,True,False,1.3150251007007845,1.3278726340119025,0.0009859216071126387,0.0011442244007115426,-0.00015830279359890396,1.6073912677183524e-06,49.583238721300766,0.0028775097224223068,0.9675275310329822,0.6946552761427721,0.15972064535501276,1.3150251007007845,,,,,,,,,,,,,
GBP/USD,short,trend_momentum,2025-11-14 03:00:00,2025-11-14 11:00:00,1.3146,1.3165,-0.0072,-0.1445,flip_level,2,False,0.678042,1.314952,2.0,True,before_exit,True,0.45,A2,True,False,1.314951693603775,1.3262712824359864,0.0005177699264165003,0.0005528970076063828,-3.512708118988243e-05,5.889019770750415e-05,49.83879772519254,0.0032618624768596415,0.8534897032091654,0.3602898633999958,0.16397996208654236,1.314951693603775,,,,,,,,,,,,,
GBP/USD,short,trend_momentum,2025-11-16 23:00:00,2025-11-17 03:00:00,1.3145,1.318,-0.0133,-0.2663,flip_level,1,False,0.663334,1.314993,1.0,True,before_exit,True,0.45,A2,True,False,1.314992811046911,1.3256221065623326,0.00034132954917631686,0.00042481006413915706,-8.34805149628402e-05,1.5046088096730653e-05,48.314087713889016,0.0033434241424205166,0.8018345094580605,0.3683596474101593,0.13856812856481693,1.314992811046911,,,,,,,,,,,,,
GBP/USD,short,trend_momentum,2025-11-17 19:00:00,2025-11-18 11:00:00,1.3154,1.3154,0.0,0.0,flip_level,4,False,0.631375,1.315277,4.0,True,before_exit,True,0.45,A2,True,False,1.3152767324570274,1.3251823224447934,0.00047464741556701995,0.000526725317866649,-5.207790229962909e-05,1.9841572141841325e-05,50.12854070074816,0.003248696957878975,0.7474888413461077,0.27672431198547964,0.168809011679136,1.3152767324570274,,,,,,,,,,,,,
GBP/USD,short,trend_momentum,2025-12-01 03:00:00,2025-12-01 07:00:00,1.3219,1.3251,-0.0121,-0.2421,flip_level,1,False,0.727922,1.316364,1.0,True,before_exit,True,0.45,A2,True,False,1.3163640273314094,1.320954372303229,0.0032059009246820924,0.003210296482218924,-4.395557536831726e-06,0.0002569859185237002,58.39336756785094,0.0033330965042517265,0.34750215965566456,0.9802501807520104,0.306556126130849,1.3163640273314094,,,,,,,,,,,,,
GBP/USD,long,trend_momentum,2025-12-21 23:00:00,2025-12-23 03:00:00,1.3391,1.350072,0.041,0.8194,take_profit,7,True,0.625225,1.336328,,False,never,True,0.45,A2,True,True,1.3363280746064992,1.3293121191860235,0.00019069881474798045,0.0001400193706652535,5.067944408272695e-05,-6.221853389856339e-05,54.073389784236454,0.0027464051838200707,0.5277884192293146,0.5138443275158721,0.09877683692939243,1.3363280746064992,,,,,,,,,,,,,
GBP/USD,long,trend_momentum,2026-01-05 11:00:00,2026-01-07 15:00:00,1.35,1.3455,-0.0167,-0.3333,flip_level,13,False,0.776261,1.345546,13.0,True,before_exit,True,0.45,A2,True,False,1.345545806961033,1.336383651188764,-0.0005035063812197649,-0.0006275353725471436,0.00012402899132737868,-0.00032963632867946094,58.054934500868896,0.003505352578591358,0.6855932249784045,1.0,0.032417758318851735,1.345545806961033,,,,,,,,,,,,,
GBP/USD,long,trend_momentum,2026-01-12 07:00:00,2026-01-13 07:00:00,1.3458,1.3441,-0.0063,-0.1263,flip_level,6,False,0.733364,1.345291,6.0,True,before_exit,True,0.45,A2,True,False,1.3452913316512558,1.3389167338756003,-0.0013096599422206534,-0.001596625913614088,0.0002869659713934346,-2.936296762637747e-05,54.2646432143036,0.0028351446374375536,0.47610113566985934,1.0,0.09558927976160672,1.3452913316512558,,,,,,,,,,,,,
GBP/USD,long,trend_momentum,2026-01-14 07:00:00,2026-01-14 11:00:00,1.3449,1.343,-0.0071,-0.1413,flip_level,1,False,0.534365,1.34524,1.0,True,before_exit,True,0.45,A2,True,False,1.3452395190022925,1.3396365223790183,-0.00029232445717863875,-0.000336382396695083,4.405793951644426e-05,-4.449268106803371e-07,49.97932261692557,0.0025400435986096415,0.41824752682347377,0.2190064097299569,0.16701128971790713,1.3452395190022925,,,,,,,,,,,,,
GBP/USD,long,trend_momentum,2026-02-04 03:00:00,2026-02-04 07:00:00,1.3715,1.3664,-0.0186,-0.3719,flip_level,1,False,0.783513,1.367625,1.0,True,before_exit,True,0.45,A2,True,False,1.3676247953532783,1.3527814142872512,-0.0004984211807554928,-0.0006748881746373549,0.00017646699388186213,-2.8325377097641793e-05,52.7466014193376,0.003869753000069951,1.0,0.6615162872662739,0.12088997634437332,1.3676247953532783,,,,,,,,,,,,,
GBP/USD,long,trend_momentum,2026-02-06 15:00:00,2026-02-08 15:00:00,1.3615,1.3608,-0.0026,-0.0514,flip_level,1,False,0.821263,1.364128,1.0,True,before_exit,True,0.45,A2,True,False,1.3641275147785588,1.3538230014135335,-0.0029906405839645878,-0.003172744669388991,0.00018210408542440343,-0.0001923662161278407,47.608886454730744,0.003932516225734494,0.761141844559167,1.0,0.20651855908782094,1.3641275147785588,,,,,,,,,,,,,
GBP/USD,long,trend_momentum,2026-02-15 15:00:00,2026-02-15 23:00:00,1.3642,1.3638,-0.0015,-0.0293,flip_level,2,False,0.725679,1.364022,2.0,True,before_exit,True,0.45,A2,True,False,1.3640220391758604,1.35666676051537,-0.00042914625888523794,-0.00048473173017383434,5.5585471288596396e-05,-0.000191264887624516,54.70011864171867,0.003399918490856222,0.5421580947185837,0.9075598414233844,0.08833135597135554,1.3640220391758604,,,,,,,,,,,,,
GBP/USD,long,trend_momentum,2026-02-20 11:00:00,2026-02-20 15:00:00,1.3501,1.3485,-0.0059,-0.1185,flip_level,1,False,0.642734,1.356006,1.0,True,before_exit,True,0.45,A2,True,False,1.3560057208369116,1.3556899372259892,-0.0036955879599180896,-0.003829577416739278,0.00013398945682118824,-0.00029483208442574555,45.23557741712129,0.0035720537905459104,0.02329320313231753,1.0,0.24607370971464515,1.3560057208369116,,,,,,,,,,,,,
GBP/USD,short,trend_momentum,2026-02-26 15:00:00,2026-03-01 23:00:00,1.3487,1.335539,0.0488,0.9758,take_profit,9,True,0.634729,1.353092,,False,never,True,0.45,A2,True,True,1.353091707315054,1.3546713434561721,0.00029097897545060647,0.0003214328913202039,-3.045391586959745e-05,0.000332437323470355,42.230983162889906,0.0034279248508698457,0.11660659603886644,1.0,0.03718305271483177,1.353091707315054,,,,,,,,,,,,,
GBP/USD,short,trend_momentum,2026-03-11 16:00:00,2026-03-13 08:00:00,1.3418,1.323774,0.0672,1.3434,take_profit,10,True,0.589453,1.340908,,False,never,True,0.45,A2,True,True,1.3409083536889626,1.3480031230098035,0.0013634849373089786,0.0013846433044919938,-2.1158367183015184e-05,9.121772676057424e-05,52.088351783177465,0.004522375069367846,0.5263169795185533,0.31061138290133505,0.20147252971962443,1.3409083536889626,,,,,,,,,,,,,
GBP/USD,short,trend_momentum,2026-03-22 16:00:00,2026-03-23 04:00:00,1.3312,1.340681,-0.0356,-0.7122,stop_loss,3,False,0.634838,1.334509,3.0,True,before_exit,True,0.45,A2,True,False,1.3345088866697223,1.3425148633533064,0.0008479032804626918,0.0009263315006265046,-7.842822016381281e-05,9.457221913070676e-05,49.514600792452036,0.0048284771709594275,0.596341753981545,0.44786490949729413,0.1585766798742006,1.3345088866697223,,,,,,,,,,,,,
GBP/USD,short,trend_momentum,2026-03-25 12:00:00,2026-03-30 20:00:00,1.3368,1.315839,0.0784,1.568,take_profit,21,True,0.621964,1.336424,,False,never,True,0.45,A2,True,True,1.3364238911757023,1.3418288805312106,0.0013256854450403033,0.0014905607178521355,-0.00016487527281183224,8.995535720435861e-05,49.31549076068099,0.005381681698088235,0.40280764812340414,0.591893585295828,0.1552581793446831,1.3364238911757023,,,,,,,,,,,,,
GBP/USD,short,trend_momentum,2026-04-02 16:00:00,2026-04-07 12:00:00,1.3221,1.3285,-0.0242,-0.4841,flip_level,13,False,0.605308,1.327865,13.0,True,before_exit,True,0.45,A2,True,False,1.3278651950821052,1.3369330261220405,-0.0012796646332202677,-0.0012544144653399028,-2.5250167880364873e-05,8.096691543994674e-05,44.6661541403991,0.004480764277894936,0.6782561925512266,0.2963140792864148,0.07776923567331835,1.3278651950821052,,,,,,,,,,,,,
GBP/USD,short,trend_momentum,2026-04-10 04:00:00,2026-04-10 08:00:00,1.3411,1.3456,-0.0168,-0.3355,flip_level,1,False,0.688339,1.333127,1.0,True,before_exit,True,0.45,A2,True,False,1.3331273390552594,1.3360736713090302,0.004201259025813808,0.004247102311966117,-4.584328615230872e-05,0.00022143333813690654,60.28568689307511,0.003592508993906573,0.22052169105945618,0.9299789671457886,0.33809478155125183,1.3331273390552594,,,,,,,,,,,,,
GBP/USD,short,trend_momentum,2026-04-12 16:00:00,2026-04-12 20:00:00,1.3398,1.3403,-0.0019,-0.0373,flip_level,1,False,0.504067,1.334972,1.0,True,before_exit,True,0.45,A2,True,False,1.3349718792359957,1.3364464856027003,0.004245198007207351,0.004250416500098841,-5.218492891489318e-06,6.243698839038334e-05,65.32044561998936,0.0033462653900623706,0.11033785359834994,0.2527275686306655,0.42200742699982263,1.3349718792359957,,,,,,,,,,,,,
GBP/USD,long,trend_momentum,2026-04-24 12:00:00,2026-04-28 00:00:00,1.3515,1.3515,0.0,0.0,breakeven,10,True,0.729127,1.349121,11.0,False,after_exit,True,0.45,A2,True,False,1.349120726063556,1.342910338995012,-0.000771869081216181,-0.0008773046980034998,0.00010543561678731878,-0.0001712578263245038,54.595118730062026,0.0028666184433804413,0.4624573129127572,1.0,0.09008135449896623,1.349120726063556,,,,,,,,,,,,,
GBP/USD,long,trend_momentum,2026-05-06 04:00:00,2026-05-12 00:00:00,1.3599,1.353396,-0.0239,-0.4783,stop_loss,24,False,0.72862,1.354241,24.0,True,before_exit,True,0.45,A2,True,False,1.354241065222738,1.3473289138945714,0.0006513071437077578,0.0004837270589312364,0.00016758008477652138,-0.00011031085083339004,59.85475538171491,0.0031100273468177473,0.5130262741995417,1.0,0.0024207436380848436,1.354241065222738,,,,,,,,,,,,,
GBP/USD,short,trend_momentum,2026-05-27 08:00:00,2026-05-28 08:00:00,1.3435,1.3435,0.0,0.0,breakeven,6,True,0.596383,1.344268,8.0,False,after_exit,True,0.45,A2,True,False,1.344267510487323,1.3468689967126175,0.0006927861522563195,0.0007205827696803266,-2.7796617424007174e-05,0.00011442225686072473,49.27713692608381,0.002541043124120804,0.1931506502595388,0.6996087204046337,0.15461894876806354,1.344267510487323,,,,,,,,,,,,,
GBP/USD,short,trend_momentum,2026-06-02 20:00:00,2026-06-03 00:00:00,1.3453,1.3457,-0.0015,-0.0297,flip_level,1,False,0.598577,1.344809,1.0,True,before_exit,True,0.45,A2,True,False,1.3448085824999172,1.346323077934707,0.0008462946096652324,0.0008472091081850345,-9.144985198021247e-07,0.00015290954094709615,50.16942179999974,0.002464745740827985,0.11249123331623706,0.780121235827879,0.16949036333332898,1.3448085824999172,,,,,,,,,,,,,
GBP/USD,short,trend_momentum,2026-06-16 00:00:00,2026-06-16 04:00:00,1.3397,1.3413,-0.006,-0.1194,flip_level,1,False,0.603568,1.340389,1.0,True,before_exit,True,0.45,A2,True,False,1.3403889025713418,1.3434394457024355,0.0007424898563315185,0.0008677526043328124,-0.00012526274800129383,2.776631857714072e-05,48.679649533820836,0.002731084830344473,0.2270696413487126,0.7004042170265219,0.1446608255636806,1.3403889025713418,,,,,,,,,,,,,
GBP/USD,short,trend_momentum,2026-07-07 12:00:00,2026-07-07 16:00:00,1.3371,1.3347,0.009,0.1795,flip_level,1,False,0.712791,1.330478,1.0,True,before_exit,True,0.45,A2,True,True,1.3304780214334377,1.334211785625973,0.00324285524603396,0.0033054510271764478,-6.259578114248786e-05,0.00014015825993755242,60.17359604368373,0.002613942645732384,0.2798479396420161,0.9695796186034521,0.33622660072806215,1.3304780214334377,,,,,,,,,,,,,
GBP/USD,short,trend_momentum,2026-07-09 08:00:00,2026-07-09 12:00:00,1.3389,1.3408,-0.0071,-0.1419,flip_level,1,False,0.513032,1.333039,1.0,True,before_exit,True,0.45,A2,True,False,1.3330394713104639,1.334553827260692,0.0021557318527172242,0.002220309318357797,-6.457746564057266e-05,2.051951899012137e-05,56.94177491841201,0.002880820071097148,0.11347282659527992,0.36923941156747253,0.2823629153068668,1.3330394713104639,,,,,,,,,,,,,
GBP/USD,long,trend_momentum,2026-07-15 00:00:00,2026-07-15 12:00:00,1.3402,1.350597,0.0388,0.7757,take_profit,3,True,0.561353,1.33659,,False,never,True,0.45,A2,True,True,1.3365904013920584,1.3355065545932954,0.0002565563171050833,0.0002281298785601922,2.8426438544891118e-05,-0.00012763466282055214,57.10689759785759,0.002652931298172671,0.08115623207054354,0.7353238918820549,0.04821837336904018,1.3365904013920584,,,,,,,,,,,,,
GBP/USD,long,trend_momentum,2026-07-26 16:00:00,2026-07-26 20:00:00,1.3351,1.3353,0.0007,0.015,flip_level,1,False,0.508144,1.33812,1.0,True,before_exit,True,0.45,A2,True,True,1.3381195869121176,1.3374759082988248,-0.0025094144625659176,-0.002514613444942337,5.198982376419456e-06,-6.818883568472699e-05,38.834976951621556,0.0024607086067003673,0.04812637067321502,0.37279819449830254,0.3527503841396407,1.3381195869121176,,,,,,,,,,,,,
XAU/USD,long,trend_momentum,2024-11-05 15:00:00,2024-11-05 19:00:00,2750.0,2743.0,-0.0127,-0.2545,flip_level,1,False,0.628389,2753.673285,1.0,True,before_exit,True,0.45,A2,True,False,2753.6732848816,2701.915131157847,-4.646668250495168,-4.931533295041498,0.2848650445463301,-0.00542907585438801,45.0408142634106,11.150435594330931,0.6385366331075084,0.32542912555396997,0.24931976227648994,2753.6732848816,,,,,,,,,,,,,
XAU/USD,long,trend_momentum,2024-11-07 19:00:00,2024-11-07 23:00:00,2714.199951,2694.600098,-0.0361,-0.7221,flip_level,1,False,0.721605,2731.218744,1.0,True,before_exit,True,0.45,A2,True,False,2731.218744417697,2701.6447174548507,-16.46165089646638,-17.34840436022303,0.8867534637566479,-1.4894550951713903,47.8468688999241,18.09252125141786,0.36488917006461247,1.0,0.20255218500126507,2731.218744417697,,,,,,,,,,,,,
XAU/USD,short,trend_momentum,2024-11-25 03:00:00,2024-11-25 07:00:00,2669.199951,2669.199951,0.0,0.0,breakeven,1,True,0.666711,2655.958315,13.0,False,after_exit,True,0.45,A2,True,False,2655.958314978714,2668.8090047394203,18.291767103870825,20.519377296378064,-2.227610192507239,0.49644489960423854,50.6340138795702,18.130435622645102,0.16050467627926004,1.0,0.1772335646595033,2655.958314978714,,,,,,,,,,,,,
XAU/USD,short,trend_momentum,2024-12-03 15:00:00,2024-12-03 19:00:00,2663.199951,2666.699951,-0.0066,-0.1314,flip_level,1,False,0.423641,2656.408181,1.0,True,before_exit,False,0.45,A2,True,False,2656.408180644247,2664.627721925085,2.8224706010810223,2.9256813564770345,-0.10321075539601221,0.0836043306423333,51.792670955819325,31.636391985544375,0.10282288482810366,0.07381336583976887,0.1965445159303221,2656.408180644247,,,,,,,,,,,,,
XAU/USD,short,trend_momentum,2024-12-05 11:00:00,2024-12-05 19:00:00,2663.699951,2662.899902,0.0015,0.03,flip_level,2,False,0.466368,2661.557377,2.0,True,before_exit,True,0.45,A2,True,True,2661.5573769044513,2665.2638407790546,3.406869072317022,3.7710591622285103,-0.36419008991148827,0.46256659901465813,48.02760340646675,30.499288201221955,0.046355184027107935,0.3388426163717086,0.13379339010777921,2661.5573769044513,,,,,,,,,,,,,
XAU/USD,short,trend_momentum,2024-12-29 15:00:00,2024-12-30 07:00:00,2636.100098,2636.100098,0.0,0.0,breakeven,4,True,0.543801,2646.400719,13.0,False,after_exit,True,0.45,A2,True,False,2646.400719010122,2661.98022840734,0.09930489533326181,0.20760320043170327,-0.10829830509844146,0.3525408255916668,46.416716154788055,11.164820938109088,0.19508671565827856,0.5159499794541236,0.10694526924646759,2646.400719010122,,,,,,,,,,,,,
XAU/USD,short,trend_momentum,2025-01-05 19:00:00,2025-01-06 03:00:00,2653.600098,2659.399902,-0.0109,-0.2186,flip_level,2,False,0.621811,2647.950285,2.0,True,before_exit,True,0.45,A2,True,False,2647.9502850298595,2658.412055334464,6.12353143935843,6.509130061367414,-0.38559862200898376,0.30854094811675115,52.468757084469516,10.43660122089221,0.13117818816702637,0.8313764647059997,0.20781261807449194,2647.9502850298595,,,,,,,,,,,,,
XAU/USD,long,trend_momentum,2025-01-15 11:00:00,2025-01-16 11:00:00,2699.699951,2752.467091,0.0977,1.9546,take_profit,6,True,0.468907,2682.796938,,False,never,True,0.45,A2,True,True,2682.79693823058,2667.976586467266,3.5116599037160086,3.472714413490231,0.03894549022577776,-0.22119601807221478,56.73216587701194,12.614214816162448,0.18516344106975077,0.2577860692175983,0.05446390204980105,2682.79693823058,,,,,,,,,,,,,
XAU/USD,long,trend_momentum,2025-01-28 23:00:00,2025-01-30 03:00:00,2770.0,2817.955915,0.0866,1.7313,take_profit,7,True,0.667063,2750.245242,,False,never,True,0.45,A2,True,True,2750.24524172395,2704.6997865644157,1.4792581389174302,0.864784018628082,0.6144741202893482,-0.03937103991533264,56.06869229947615,12.241980937055933,0.5613125146800797,0.6676259785553993,0.06552179500873087,2750.24524172395,,,,,,,,,,,,,
XAU/USD,long,trend_momentum,2025-02-24 15:00:00,2025-02-25 07:00:00,2964.300049,2915.8642,-0.0817,-1.634,stop_loss,4,False,0.668358,2937.729661,4.0,True,before_exit,True,0.45,A2,True,False,2937.729660610121,2845.220198595645,4.99372420157124,4.722707736303057,0.27101646526818257,-0.276041163653284,59.56659001027578,25.41161463170081,1.0,0.2690982238093482,0.007223499828736972,2937.729660610121,,,,,,,,,,,,,
XAU/USD,long,trend_momentum,2025-03-03 07:00:00,2025-03-03 11:00:00,2884.5,2891.300049,0.0118,0.2357,flip_level,1,False,0.753791,2909.808663,1.0,True,before_exit,True,0.45,A2,True,True,2909.808663096909,2859.9524187880074,-15.581263215170566,-16.83624008306262,1.2549768678920543,-0.05658598966918049,43.61878875029317,18.838532643395208,0.5810847758792419,0.870266067419182,0.2730201874951138,2909.808663096909,,,,,,,,,,,,,
XAU/USD,long,trend_momentum,2025-03-11 12:00:00,2025-03-13 08:00:00,2922.699951,2983.779976,0.1045,2.0898,take_profit,11,True,0.71537,2913.765567,,False,never,True,0.45,A2,True,True,2913.7655670318827,2877.574130810903,-1.3946872509382047,-1.4904852358698024,0.09579798493159775,-1.1702808632469424,55.70642750572507,15.836918487522643,0.41923549230199164,0.9993096582962457,0.07155954157124889,2913.7655670318827,,,,,,,,,,,,,
XAU/USD,long,trend_momentum,2025-03-26 04:00:00,2025-03-27 20:00:00,3034.399902,3086.638748,0.0861,1.7216,take_profit,10,True,0.783409,3015.629781,,False,never,True,0.45,A2,True,True,3015.6297807331784,2943.5387269017447,-0.33279584007414087,-0.4392006027967614,0.1064047627226205,-0.8059504528843405,55.981796547423755,13.002762459160651,0.8163762568341684,0.8770782540176609,0.06697005754293742,3015.6297807331784,,,,,,,,,,,,,
XAU/USD,long,trend_momentum,2025-04-09 00:00:00,2025-04-10 20:00:00,3018.600098,3221.650854,0.3363,6.7267,take_profit,11,True,0.68426,3066.436466,,False,never,True,0.45,A2,True,True,3066.4364661055315,3009.7054299049278,-27.961877262343023,-28.425662988319583,0.4637857259765603,-1.7054298568767088,43.3512285605987,50.00598425104202,0.62831216677569,0.5422389978275618,0.2774795239900217,3066.4364661055315,,,,,,,,,,,,,
XAU/USD,long,trend_momentum,2025-04-28 16:00:00,2025-04-29 04:00:00,3362.5,3319.100098,-0.0645,-1.2907,flip_level,3,False,0.857595,3319.878201,3.0,True,before_exit,True,0.45,A2,True,False,3319.878200853312,3173.260362014817,-6.11524853444098,-8.786206714635771,2.6709581801947913,-0.8323675184306047,56.96205912552998,35.71641772586329,1.0,1.0,0.05063234790783362,3319.878200853312,,,,,,,,,,,,,
XAU/USD,long,trend_momentum,2025-05-02 08:00:00,2025-05-02 12:00:00,3269.899902,3241.399902,-0.0436,-0.8716,flip_level,1,False,0.851225,3296.175482,1.0,True,before_exit,True,0.45,A2,True,False,3296.1754818856675,3195.3933662647423,-19.5147877283689,-20.309822450801377,0.7950347224324759,-1.1316013548323873,46.05483441061684,27.82714996689397,1.0,0.8654479885458027,0.2324194264897193,3296.1754818856675,,,,,,,,,,,,,
XAU/USD,long,trend_momentum,2025-05-15 16:00:00,2025-05-15 20:00:00,3234.5,3215.5,-0.0294,-0.5874,flip_level,1,False,0.700628,3264.419171,1.0,True,before_exit,True,0.45,A2,True,False,3264.4191705734443,3235.6324788956113,-27.023483045144076,-30.380507002689,3.357023957544925,-0.6145342687900097,49.40489848701739,29.471176323264693,0.2965591412250308,1.0,0.1765850252163768,3264.4191705734443,,,,,,,,,,,,,
XAU/USD,long,trend_momentum,2025-05-29 12:00:00,2025-05-30 08:00:00,3346.199951,3285.121291,-0.0913,-1.8253,stop_loss,5,False,0.701722,3302.005203,,False,never,True,0.45,A2,True,False,3302.005202530308,3262.628064421366,-0.09077957774297829,-2.128829666930632,2.038050089187654,-1.2849405428799638,59.54153698497019,29.557736137138786,0.40230490401634195,1.0,0.00764105025049678,3302.005202530308,,,,,,,,,,,,,
XAU/USD,long,trend_momentum,2025-06-10 16:00:00,2025-06-16 12:00:00,3350.100098,3402.899902,0.0788,1.5761,time_stop,24,True,0.546819,3352.744241,,False,never,True,0.45,A2,True,True,3352.7442411884167,3302.477688895811,-5.967919145098222,-6.22526635338945,0.25734720829122804,-0.2435953798495838,47.927909425545224,39.33444508473324,0.507362017530264,0.15919335682176725,0.20120150957424626,3352.7442411884167,,,,,,,,,,,,,
XAU/USD,long,trend_momentum,2025-06-22 20:00:00,2025-06-23 00:00:00,3388.5,3372.800049,-0.0232,-0.4633,flip_level,1,False,0.637688,3390.657016,1.0,True,before_exit,True,0.45,A2,True,False,3390.657015995336,3341.38385071776,-6.602500863950809,-7.0244181337216425,0.42191726977083377,-0.48778122958932,48.944871677465166,20.725672093787246,0.49154449652142074,0.5486544026435011,0.1842521387089139,3390.657015995336,,,,,,,,,,,,,
XAU/USD,long,trend_momentum,2025-06-25 20:00:00,2025-06-26 00:00:00,3352.899902,3359.399902,0.0097,0.1939,flip_level,1,False,0.648711,3371.397663,1.0,True,before_exit,True,0.45,A2,True,True,3371.3976630488546,3343.697295892046,-11.829287668983397,-12.651627798876246,0.822340129892849,-0.3282452144221537,46.065788889731095,18.45408542954021,0.27614508437352037,0.7793567911480007,0.2322368518378151,3371.3976630488546,,,,,,,,,,,,,
XAU/USD,long,trend_momentum,2025-06-30 12:00:00,2025-06-30 16:00:00,3301.600098,3324.399902,0.0345,0.6906,flip_level,1,False,0.613796,3339.39783,1.0,True,before_exit,True,0.45,A2,True,True,3339.3978302689384,3338.3689104084915,-18.037062124122713,-18.57912342932784,0.5420613052051273,-0.8664015753942387,42.990669098428995,20.125111309428164,0.010273678434587938,0.8748168264413106,0.28348884835951677,3339.3978302689384,,,,,,,,,,,,,
XAU/USD,long,trend_momentum,2025-07-08 04:00:00,2025-07-08 08:00:00,3343.600098,3312.848047,-0.046,-0.9197,stop_loss,1,False,0.480715,3340.853038,1.0,True,before_exit,True,0.45,A2,True,False,3340.8530375771215,3339.42892582116,0.040774826057258906,-0.142732718829478,0.1835075448867369,-0.35507150901913354,52.77195545167298,15.428031043294645,0.014215122681104942,0.4363640541642128,0.12046740913878366,3340.8530375771215,,,,,,,,,,,,,
XAU/USD,long,trend_momentum,2025-07-18 08:00:00,2025-07-22 08:00:00,3360.699951,3420.562228,0.0891,1.7812,take_profit,13,True,0.565616,3345.121957,,False,never,True,0.45,A2,True,True,3345.1219569483483,3340.7530480267856,0.9038861862800331,-0.06581894741522346,0.9697051336952566,-0.007995984342852258,57.94295604552118,15.309074423980192,0.04359205702781294,0.798301950660905,0.03428406590798036,3345.1219569483483,,,,,,,,,,,,,
XAU/USD,long,trend_momentum,2025-07-29 20:00:00,2025-07-30 00:00:00,3326.100098,3326.100098,0.0,0.0,breakeven,1,True,0.64985,3352.573,3.0,False,after_exit,True,0.45,A2,True,False,3352.5730003878584,3349.985162954186,-15.76778288613923,-16.625487979591867,0.8577050934526369,-0.2662504419928702,40.40324462234254,14.370118870004315,0.025749740250496016,0.9776846190462041,0.3266125896276243,3352.5730003878584,,,,,,,,,,,,,
XAU/USD,long,trend_momentum,2025-08-13 20:00:00,2025-08-14 00:00:00,3412.0,3394.399902,-0.0258,-0.5158,flip_level,1,False,0.574594,3416.103704,1.0,True,before_exit,True,0.45,A2,True,False,3416.103704148302,3382.4440794593397,-7.843012616656324,-8.411976987314159,0.5689643706578345,-0.15741583463097442,47.24196240062374,20.678682387551973,0.33170910243441876,0.43908757801589354,0.2126339599896043,3416.103704148302,,,,,,,,,,,,,
XAU/USD,long,trend_momentum,2025-08-18 00:00:00,2025-08-18 04:00:00,3392.899902,3391.199951,-0.0025,-0.0501,flip_level,1,False,0.637596,3404.295421,1.0,True,before_exit,True,0.45,A2,True,False,3404.2954210074536,3383.3288975910714,-9.230333784865707,-9.519812241246228,0.2894784563805217,-0.8078940750349037,47.24613941028477,16.80448099639053,0.2065670039874076,0.81627969620955,0.21256434316192052,3404.2954210074536,,,,,,,,,,,,,
XAU/USD,long,trend_momentum,2025-08-20 08:00:00,2025-08-20 16:00:00,3375.899902,3389.399902,0.02,0.3999,flip_level,2,False,0.656714,3391.368999,2.0,True,before_exit,True,0.45,A2,True,True,3391.3689991058977,3382.2590032874805,-8.948287694916417,-8.994135897425922,0.0458482025095055,-1.0004716834229956,46.292479738938546,12.703669343402295,0.08978216244983539,1.0,0.2284586710176909,3391.3689991058977,,,,,,,,,,,,,
XAU/USD,long,trend_momentum,2025-09-19 16:00:00,2025-09-23 04:00:00,3717.800049,3795.773854,0.1049,2.0973,take_profit,8,True,0.853707,3681.608716,,False,never,True,0.45,A2,True,True,3681.608715799198,3556.9815842691514,0.11455924104484438,-0.07190964732778822,0.1864688883726326,-2.0216929559617545,58.51722200566945,20.646793830880014,1.0,1.0,0.02471296657217579,3681.608715799198,,,,,,,,,,,,,
XAU/USD,long,trend_momentum,2025-10-23 20:00:00,2025-10-24 00:00:00,4137.100098,4088.899902,-0.0583,-1.1651,flip_level,1,False,0.750233,4167.785317,1.0,True,before_exit,True,0.45,A2,True,False,4167.785317064759,3954.500192365909,-30.69453174569844,-31.421031954602668,0.726500208904227,-1.3791197897463832,45.322091671080784,57.95468175150933,1.0,0.454152264971193,0.24463180548198693,4167.785317064759,,,,,,,,,,,,,
XAU/USD,long,trend_momentum,2025-10-24 12:00:00,2025-10-24 16:00:00,4146.600098,4137.799805,-0.0106,-0.2122,flip_level,1,False,0.837247,4159.520445,1.0,True,before_exit,True,0.45,A2,True,False,4159.520444642353,3960.6680712100497,-28.173786904915687,-30.538671113455045,2.364884208539358,-1.4213902892478671,48.86667877953418,56.50101873489436,1.0,0.8376562455343985,0.18555535367443027,4159.520444642353,,,,,,,,,,,,,
XAU/USD,long,trend_momentum,2025-10-29 04:00:00,2025-10-29 08:00:00,4014.800049,4007.5,-0.0091,-0.1818,flip_level,1,False,0.886412,4087.480101,1.0,True,before_exit,True,0.45,A2,True,False,4087.4801014412797,3969.939274589447,-43.80934265690212,-45.88615416338165,2.0768115064795296,-2.118918389942749,44.12739239725123,49.500965844492434,0.9869238017835777,1.0,0.26454346004581286,4087.4801014412797,,,,,,,,,,,,,
XAU/USD,long,trend_momentum,2025-11-05 15:00:00,2025-11-05 19:00:00,3997.800049,3995.699951,-0.0026,-0.0525,flip_level,1,False,0.633476,4020.380823,1.0,True,before_exit,True,0.45,A2,True,False,4020.380823381329,3977.925991103724,-10.85086541352166,-11.878582610014442,1.027717196492782,-0.8112605344909252,50.08155419995915,33.85621881211339,0.3557534954358243,0.6789660051781021,0.16530743000068082,4020.380823381329,,,,,,,,,,,,,
XAU/USD,long,trend_momentum,2025-11-18 23:00:00,2025-11-19 11:00:00,4066.699951,4073.800049,0.0087,0.1746,flip_level,3,False,0.628251,4087.185052,3.0,True,before_exit,True,0.45,A2,True,True,4087.1850520737826,4028.937221252902,-18.798716224293003,-19.511319886384445,0.7126036620914427,-0.7843964069041931,46.28944041467615,37.88065082986736,0.48191228953729676,0.49398572760770504,0.22850932642206417,4087.1850520737826,,,,,,,,,,,,,
XAU/USD,long,trend_momentum,2025-11-21 15:00:00,2025-11-23 15:00:00,4087.0,4071.600098,-0.0188,-0.3768,flip_level,1,False,0.645979,4079.537721,1.0,True,before_exit,True,0.45,A2,True,False,4079.537721241558,4035.405103062314,-7.435888512535257,-8.857756536156003,1.4218680236207462,-0.9709722070071045,52.73919608379758,40.05346409335788,0.3645451286972669,0.7467644449711462,0.12101339860337366,4079.537721241558,,,,,,,,,,,,,
XAU/USD,long,trend_momentum,2025-12-09 19:00:00,2025-12-15 15:00:00,4239.0,4333.100098,0.111,2.2199,time_stop,24,True,0.593692,4218.779255,,False,never,True,0.45,A2,True,True,4218.779255362222,4124.4089274765565,0.7187769999454758,0.42259944780048453,0.2961775521449913,-0.19028340420567186,52.83346800751964,43.30938035595218,0.7626977953695482,0.1404028851118759,0.11944219987467264,4218.779255362222,,,,,,,,,,,,,
XAU/USD,long,trend_momentum,2026-01-02 07:00:00,2026-01-02 11:00:00,4405.200195,4328.100098,-0.0875,-1.7502,flip_level,1,False,0.849939,4404.554859,1.0,True,before_exit,True,0.45,A2,True,False,4404.554859345818,4287.320208113136,-25.387027940308144,-28.769411390958485,3.382383450650341,-1.1919753409074971,51.17272516870752,42.61854712625857,0.9114835183901315,1.0,0.14712124718820796,4404.554859345818,,,,,,,,,,,,,
XAU/USD,long,trend_momentum,2026-01-09 07:00:00,2026-01-11 19:00:00,4484.200195,4610.798275,0.1412,2.8232,take_profit,4,True,0.641451,4441.828955,,False,never,True,0.45,A2,True,True,4441.828955435037,4330.883918909913,11.791446239682955,11.758407654215816,0.033038585467139114,-0.6521314046576769,57.87351692688613,29.468713862050926,0.8539060278257554,0.2906344985618633,0.03544138455189779,4441.828955435037,,,,,,,,,,,,,
XAU/USD,long,trend_momentum,2026-02-03 11:00:00,2026-02-03 15:00:00,4957.200195,4968.700195,0.0116,0.232,flip_level,1,False,0.841624,4981.372098,1.0,True,before_exit,True,0.45,A2,True,True,4981.3720978438005,4701.908294861187,-78.28546951176395,-87.58126318552735,9.295793673763399,-1.4647124300992829,49.27280178221784,156.5441462964159,1.0,0.8592229698809444,0.178786636963036,4981.3720978438005,,,,,,,,,,,,,
XAU/USD,long,trend_momentum,2026-02-06 11:00:00,2026-02-12 07:00:00,4967.799805,5083.899902,0.1169,2.3371,time_stop,24,False,0.821515,4951.706829,,False,never,True,0.45,A2,True,True,4951.70682913166,4739.89877383814,-30.02413555147632,-35.581246770368374,5.557111218892054,-2.586191971854227,52.229813115517416,125.92375724195252,1.0,0.8083565175770971,0.1295031147413764,4951.70682913166,,,,,,,,,,,,,
XAU/USD,long,trend_momentum,2026-02-18 11:00:00,2026-02-23 15:00:00,5018.899902,5256.739527,0.2369,4.7389,take_profit,20,True,0.8641,4993.155499,,False,never,True,0.45,A2,True,True,4993.155498903659,4840.416577542516,-21.4280708523238,-22.921224008314272,1.4931531559904734,-5.812170506046236,54.36010309872643,61.095306212936116,1.0,1.0,0.09399828168789288,4993.155498903659,,,,,,,,,,,,,
XAU/USD,long,trend_momentum,2026-03-06 15:00:00,2026-03-08 16:00:00,5168.200195,5083.399902,-0.082,-1.6408,flip_level,1,False,0.815755,5175.168314,1.0,True,before_exit,True,0.45,A2,True,False,5175.168314121208,5020.391679506617,-25.740396343891916,-27.35005620881244,1.6096598649205234,-2.5946603284305,49.77968168148927,69.0756879210053,1.0,0.7608176479833014,0.17033863864184545,5175.168314121208,,,,,,,,,,,,,
XAU/USD,long,trend_momentum,2026-03-09 12:00:00,2026-03-09 16:00:00,5108.100098,5149.799805,0.0408,0.8163,flip_level,1,False,0.653559,5160.801833,1.0,True,before_exit,True,0.45,A2,True,True,5160.801832938855,5025.512896377846,-26.452803374881114,-26.66980198816059,0.21699861327947545,-0.6877312054611515,44.70033296012905,69.00397675925471,0.8973474572019566,0.16389088376331984,0.25499445066451576,5160.801832938855,,,,,,,,,,,,,
XAU/USD,long,trend_momentum,2026-03-17 04:00:00,2026-03-17 08:00:00,5025.200195,5002.600098,-0.0225,-0.4497,flip_level,1,False,0.612554,5105.298734,1.0,True,before_exit,True,0.45,A2,True,False,5105.298733990401,5049.806683659698,-36.61533822894398,-36.68648222270449,0.07114399376050784,-1.9475964744127623,41.822820884052135,50.25266985316195,0.36629818266288433,0.5021475660079404,0.3029529852657978,5105.298733990401,,,,,,,,,,,,,
XAU/USD,short,trend_momentum,2026-04-02 08:00:00,2026-04-02 12:00:00,4626.600098,4697.899902,-0.0771,-1.5411,flip_level,1,False,0.869524,4635.611419,1.0,True,before_exit,True,0.45,A2,True,False,4635.611418606562,4812.654309414832,47.65238810311257,55.3885136333844,-7.736125530271828,1.3947560308763016,47.80947364859134,74.76254647232628,1.0,1.0,0.13015789414318904,4635.611418606562,,,,,,,,,,,,,
XAU/USD,short,trend_momentum,2026-04-08 20:00:00,2026-04-09 00:00:00,4739.399902,4748.399902,-0.0095,-0.1899,flip_level,1,False,0.79157,4693.779561,1.0,True,before_exit,True,0.45,A2,True,False,4693.779560954657,4795.746533472558,32.81636162959785,33.13723844902257,-0.32087681942471846,4.357897965791771,51.8051053227887,62.25100288078856,0.7087320107947658,0.939497873266476,0.19675175537981163,4693.779560954657,,,,,,,,,,,,,
XAU/USD,short,trend_momentum,2026-04-16 12:00:00,2026-04-16 16:00:00,4828.600098,4812.5,0.0167,0.3334,flip_level,1,False,0.53852,4779.883184,1.0,True,before_exit,True,0.45,A2,True,True,4779.883183621453,4796.844539591932,19.81851582782565,21.33608330625877,-1.5175674784331221,0.004906735101119608,54.580687425363365,38.8062066322282,0.11786467701481534,0.4904093783125148,0.24301145708938943,4779.883183621453,,,,,,,,,,,,,
XAU/USD,short,trend_momentum,2026-04-19 20:00:00,2026-04-20 04:00:00,4774.399902,4862.640061,-0.0924,-1.8482,stop_loss,1,False,0.613423,4794.829543,1.0,True,before_exit,True,0.45,A2,True,False,4794.829543272799,4799.600214663625,9.69746908324305,14.171018252397225,-4.473549169154175,0.8148506549861416,42.05583528865331,42.10625405673846,0.03313242198971984,1.0,0.03426392147755521,4794.829543272799,,,,,,,,,,,,,
XAU/USD,short,trend_momentum,2026-04-28 00:00:00,2026-04-29 08:00:00,4684.600098,4540.371834,0.1539,3.0788,take_profit,8,True,0.4982,4747.502911,,False,never,True,0.45,A2,True,True,4747.502910503351,4782.574802603583,-18.62995201906233,-18.364396290768028,-0.2655557282943022,0.6797975919674712,40.96868969361757,34.89220986974154,0.24444219238793677,0.3386691914151237,0.0161448282269595,4747.502910503351,,,,,,,,,,,,,
XAU/USD,short,trend_momentum,2026-05-10 16:00:00,2026-05-10 20:00:00,4696.799805,4687.0,0.0104,0.2086,flip_level,1,False,0.54879,4673.930769,1.0,True,before_exit,True,0.45,A2,True,True,4673.930768512032,4723.854891595356,27.95520139792461,28.482318551283473,-0.5271171533588621,0.17031021665314938,61.412189746729254,38.109789733973024,0.35228377549691914,0.22875597545946605,0.35686982911215426,4673.930768512032,,,,,,,,,,,,,
XAU/USD,short,trend_momentum,2026-05-12 00:00:00,2026-05-12 04:00:00,4729.100098,4714.600098,0.0153,0.3066,flip_level,1,False,0.532261,4686.437282,1.0,True,before_exit,True,0.45,A2,True,True,4686.437281963811,4723.395723524327,20.035910019036237,20.26168033395352,-0.22577031491728405,0.8138738002692207,55.06220849142253,40.91760553013301,0.26081830194358296,0.3176029308523681,0.2510368081903755,4686.437281963811,,,,,,,,,,,,,
XAU/USD,short,trend_momentum,2026-06-01 12:00:00,2026-06-02 00:00:00,4504.700195,4565.200195,-0.0672,-1.343,flip_level,3,False,0.775356,4536.128094,3.0,True,before_exit,True,0.45,A2,True,False,4536.128093796666,4626.1719604674345,8.571971974699409,9.539692065802628,-0.9677200911032191,2.892623635519568,45.26255021512233,40.313031848952534,0.6488004008514385,1.0,0.08770917025203886,4536.128093796666,,,,,,,,,,,,,
XAU/USD,short,trend_momentum,2026-06-02 12:00:00,2026-06-04 04:00:00,4531.700195,4531.700195,0.0,0.0,breakeven,10,True,0.609571,4536.002797,10.0,True,before_exit,True,0.45,A2,True,False,4536.002796782698,4620.856032718129,6.09944987527706,6.677123593764503,-0.5776737184874436,0.3924107448356793,50.03202565029459,37.2122526854045,0.6121032938098122,0.3258619115067751,0.16720042750490988,4536.002796782698,,,,,,,,,,,,,
XAU/USD,short,trend_momentum,2026-06-05 00:00:00,2026-06-05 08:00:00,4468.700195,4468.700195,0.0,0.0,breakeven,2,True,0.670301,4517.155159,,False,never,True,0.45,A2,True,False,4517.155158897968,4603.255665791642,-9.02756896505889,-7.470696422336999,-1.5568725427218908,0.22680869661791458,41.87347179950013,34.892467700456486,0.6234754497309078,0.6389922227098852,0.03122452999166884,4517.155158897968,,,,,,,,,,,,,
XAU/USD,short,trend_momentum,2026-06-17 16:00:00,2026-06-17 20:00:00,4254.200195,4343.015141,-0.1044,-2.0877,stop_loss,1,False,0.850095,4324.661618,1.0,True,before_exit,True,0.45,A2,True,False,4324.661618333905,4473.6279205698365,15.553416084328092,21.228584617256466,-5.6751685329283745,2.129015989892636,40.03803416290256,44.000340096649865,1.0,1.0,0.0006339027150427039,4324.661618333905,,,,,,,,,,,,,
XAU/USD,short,trend_momentum,2026-07-07 04:00:00,2026-07-07 08:00:00,4135.399902,4150.100098,-0.0178,-0.3555,flip_level,1,False,0.867757,4118.047501,1.0,True,before_exit,True,0.45,A2,True,False,4118.047500577655,4281.580544173045,24.65284307775528,25.63849646898851,-0.9856533912332317,1.9240740482935266,53.086098061844424,38.68630025483492,1.0,0.9401672621702523,0.21810163436407373,4118.047500577655,,,,,,,,,,,,,
XAU/USD,short,trend_momentum,2026-07-12 16:00:00,2026-07-14 08:00:00,4097.899902,4097.899902,0.0,0.0,breakeven,10,True,0.661129,4116.232674,,False,never,True,0.45,A2,True,False,4116.2326740655535,4248.678287328291,0.7848804718751126,1.0210621544138037,-0.2361816825386911,0.15020074013797213,49.24503370285018,31.761314241348707,1.0,0.15206487511057096,0.154083895047503,4116.2326740655535,,,,,,,,,,,,,
XAU/USD,short,trend_momentum,2026-07-23 12:00:00,2026-07-24 08:00:00,4051.5,4079.899902,-0.035,-0.701,flip_level,5,False,0.800524,4072.510896,5.0,True,before_exit,True,0.45,A2,True,False,4072.5108959061263,4167.986143094795,15.715389835708265,20.225043743841145,-4.509653908132879,0.2710280056130827,43.853407044853036,34.88304013359895,0.7635601775919594,1.0,0.06422345074755059,4072.5108959061263,,,,,,,,,,,,,
XAU/USD,short,trend_momentum,2026-07-27 20:00:00,2026-07-29 00:00:00,4074.399902,4074.399902,0.0,0.0,breakeven,7,True,0.630636,4073.001664,7.0,True,before_exit,True,0.45,A2,True,False,4073.0016640159647,4154.585182824995,3.385155236369428,3.7424841788048835,-0.3573289424354553,0.4715192947966398,49.249704122947634,27.592970821753102,0.6545661016194488,0.3754797927461054,0.15416173538246056,4073.0016640159647,,,,,,,,,,,,,
XAU/USD,short,trend_momentum,2026-07-31 12:00:00,2026-07-31 16:00:00,4101.799805,4107.0,-0.0063,-0.1268,flip_level,1,False,0.725385,4090.621573,1.0,True,before_exit,True,0.45,A2,True,False,4090.6215728650186,4143.109725177688,15.24205478390104,16.115540287578387,-0.8734855036773475,1.911349495126366,49.709026323772946,35.442866254170035,0.4222927204791689,0.9821563875622161,0.16181710539621577,4090.6215728650186,,,,,,,,,,,,,
BTC/USDT,short,volatility_breakout,2024-10-21 16:00:00,2024-10-24 00:00:00,67341.02,67341.02,0.0,0.0,breakeven,14,True,0.854003,68010.0,18.0,False,after_exit,True,0.45,A2,True,False,,,,,-184.10929571104862,,,658.1975730497761,,,,68010.0,0.017771477531664824,0.03178277111831208,68424.0,68010.0,68010.0,12814.65836,3192.566285,4.013905183490967,0.8102259419065515,1.0,0.2797173724873722,67596.0,68339.09878652489
BTC/USDT,long,volatility_breakout,2024-10-28 16:00:00,2024-10-29 00:00:00,68494.2,71408.244905,0.2127,4.2544,take_profit,2,True,0.779393,67836.01,,False,never,True,0.45,A2,True,True,,,,,159.92677144827866,,,673.2074744627178,,,,67836.01,0.02730941240562807,0.02808716252576352,67836.01,66571.42,67836.01,7619.52629,3244.9217129999997,2.3481387114746703,0.6586204125877038,0.8481387114746703,0.23755941149630744,69100.59999999999,67499.40626276864
BTC/USDT,long,volatility_breakout,2024-11-19 20:00:00,2024-11-23 20:00:00,93227.87,97672.4,0.2384,4.7674,time_stop,24,True,0.684584,91850.0,,False,never,True,0.45,A2,True,True,,,,,57.57953353124981,,,1637.3571011537142,,,,91850.0,0.025697279322114172,0.03205657454821821,91850.0,88722.0,91850.0,11450.7773,5917.6979215,1.9350053774116087,0.8527869210688975,0.4350053774116087,0.0351661427373895,94978.0,91031.32144942314
BTC/USDT,short,volatility_breakout,2024-12-02 12:00:00,2024-12-02 16:00:00,95128.67,95816.0,-0.0361,-0.7225,flip_level,1,False,0.642129,95693.88,1.0,True,before_exit,True,0.45,A2,True,False,,,,,-186.3940645383106,,,1101.312435513357,,,,95693.88,0.022357138869068455,0.033015928132541845,97208.21,95693.88,95693.88,6299.85507,3650.3349675000004,1.725829307745577,0.8014240684730333,0.22582930774557708,0.16924721680040447,94179.55,96244.53621775669
BTC/USDT,short,volatility_breakout,2024-12-30 16:00:00,2024-12-30 20:00:00,92130.21,94723.651833,-0.1407,-2.815,stop_loss,1,False,0.806855,93500.01,4.0,False,after_exit,True,0.45,A2,True,False,,,,,-138.42975360022274,,,1174.615602406981,,,,93500.01,0.03177114769476349,0.03735519521720636,95733.99,93500.01,93500.01,9295.9625,2862.2933845,3.247732238190484,0.6958858388709841,1.0,0.11785111087964212,91266.02999999998,94087.31780120349
BTC/USDT,short,volatility_breakout,2024-12-31 00:00:00,2024-12-31 08:00:00,92792.05,94232.68,-0.0776,-1.5525,flip_level,2,False,0.625278,93500.01,2.0,True,before_exit,True,0.45,A2,True,False,,,,,-68.2436277579211,,,1427.16442248357,,,,93500.01,0.030897323676370277,0.03507018489991292,95733.99,93500.01,93500.01,5169.96449,2857.8785209999996,1.8090217803208022,0.7042501026011181,0.3090217803208022,0.047817635223251054,91266.02999999998,94213.59221124178
BTC/USDT,long,volatility_breakout,2025-01-02 16:00:00,2025-01-06 12:00:00,96455.01,101532.373671,0.2632,5.264,take_profit,23,True,0.696906,95733.99,,False,never,True,0.45,A2,True,True,,,,,387.55662537066223,,,1233.3702192433418,,,,95733.99,0.032492893669429174,0.034280875517610256,95733.99,93500.01,95733.99,6594.73113,3385.549906,1.9479054549786925,0.6889772696955032,0.4479054549786925,0.3142257039483438,97967.97000000002,95117.30489037833
BTC/USDT,long,volatility_breakout,2025-01-06 16:00:00,2025-01-07 12:00:00,102147.95,99917.327003,-0.1092,-2.1837,stop_loss,5,False,0.831305,98778.43,5.0,True,before_exit,True,0.45,A2,True,False,,,,,208.01391953197117,,,1106.489306006463,,,,98778.43,0.02449526452577643,0.033220091605941644,98778.43,97276.79,98778.43,8408.22358,2319.6023090000003,3.624855669170658,0.7655307609766443,1.0,0.18799451418354346,100280.06999999999,98225.18534699676
BTC/USDT,short,volatility_breakout,2025-01-27 04:00:00,2025-01-29 20:00:00,101395.64,104627.18089,-0.1594,-3.1871,stop_loss,16,False,0.847165,104106.09,17.0,False,after_exit,True,0.45,A2,True,False,,,,,-354.12272828215896,,,1461.4281712866546,,,,104106.09,0.020698711880843174,0.035923758148035646,105500.0,104106.09,104106.09,8353.88719,3264.218331,2.559230524093273,0.8040909386884838,1.0,0.2423127836453201,102712.18,104836.80408564332
BTC/USDT,short,volatility_breakout,2025-02-11 20:00:00,2025-02-12 16:00:00,95040.81,97432.02784,-0.1258,-2.516,stop_loss,5,False,0.619998,96150.0,5.0,True,before_exit,True,0.45,A2,True,False,,,,,-35.39106421942117,,,1165.7149905115507,,,,96150.0,0.022290195471566937,0.027641533617938828,100137.99,96150.0,96150.0,4884.73711,2766.314652,1.7657922993208366,0.7449779087708361,0.2657922993208366,0.030359963204977324,92162.01,96732.85749525577
BTC/USDT,short,volatility_breakout,2025-03-18 16:00:00,2025-03-18 20:00:00,81610.22,82715.03,-0.0677,-1.3538,flip_level,1,False,0.68399,81981.12,1.0,True,before_exit,True,0.45,A2,True,False,,,,,-196.5829186970509,,,1234.2060963800768,,,,81981.12,0.028737067977838503,0.05429499562401176,84539.85,81981.12,81981.12,5242.8777,2783.423829,1.8836073922251386,0.8209795897417229,0.3836073922251386,0.1592788427100045,79422.38999999998,82598.22304819003
BTC/USDT,long,volatility_breakout,2025-03-19 16:00:00,2025-03-20 12:00:00,84733.05,84733.05,0.0,0.0,breakeven,5,True,0.652418,84539.85,6.0,False,after_exit,True,0.45,A2,True,False,,,,,118.15123496039334,,,1139.7050704468659,,,,84539.85,0.0331053143644336,0.03761877300389946,84539.85,81981.12,84539.85,5832.94768,3213.6524130000003,1.8150524482375001,0.7905241553366605,0.3150524482375001,0.10366825420375425,87098.58000000002,83969.99746477658
BTC/USDT,long,volatility_breakout,2025-03-24 04:00:00,2025-03-25 00:00:00,86532.07,86532.07,0.0,0.0,breakeven,5,True,0.81141,85117.04,,False,never,True,0.45,A2,True,False,,,,,214.88064446440498,,,827.5063325756234,,,,85117.04,0.01774753793266383,0.03390488479442449,85117.04,83625.1,85117.04,3571.64325,1560.1290165,2.2893255700176898,0.8756405856162138,0.7893255700176898,0.25967250763578614,86608.97999999998,84703.28683371218
BTC/USDT,short,volatility_breakout,2025-03-28 08:00:00,2025-03-31 00:00:00,85212.98,81297.85087,0.2297,4.5945,take_profit,16,True,0.651761,86310.0,,False,never,True,0.45,A2,True,True,,,,,-263.89659655410424,,,1004.7463041122384,,,,86310.0,0.023058409074572902,0.029015874547946324,88539.63,86310.0,86310.0,5671.09628,3286.6446515000002,1.7254972415140022,0.7799452062119517,0.2254972415140022,0.26264997987454636,84080.37,86812.37315205611
BTC/USDT,short,volatility_breakout,2025-04-06 20:00:00,2025-04-07 12:00:00,79614.34,79614.34,0.0,0.0,breakeven,4,True,0.804126,82379.95,18.0,False,after_exit,True,0.45,A2,True,False,,,,,-244.4761441012671,,,1284.8201009188535,,,,82379.95,0.026705517979685147,0.027541412133876647,83534.64,82379.95,82379.95,10204.27054,3724.3570775,2.7398743803721652,0.627919983347137,1.0,0.1902804477657434,81225.26,83022.36005045942
BTC/USDT,long,volatility_breakout,2025-04-21 08:00:00,2025-04-22 12:00:00,87434.79,90667.209417,0.1848,3.6969,take_profit,7,True,0.632261,85470.01,,False,never,True,0.45,A2,True,True,,,,,214.10057806722992,,,781.7306123901417,,,,85470.01,0.014745108383660286,0.021126675585296805,85470.01,84303.96,85470.01,2859.73764,1834.0648475000003,1.5592347478324369,0.8818508466941377,0.059234747832436874,0.27388025321487325,86636.05999999998,85079.14469380492
BTC/USDT,long,volatility_breakout,2025-06-16 20:00:00,2025-06-17 00:00:00,108652.01,106405.166042,-0.1034,-2.0679,stop_loss,1,False,0.617215,106128.57,3.0,False,after_exit,True,0.45,A2,True,False,,,,,411.44356006903433,,,1036.5790545341918,,,,106128.57,0.015816129549104135,0.023662154981418004,106128.57,104494.53,106128.57,2748.12533,1800.028157,1.5267124124214464,0.7549911251428462,0.026712412421446396,0.39692443935588206,107762.61000000002,105610.2804727329
BTC/USDT,short,volatility_breakout,2025-06-20 20:00:00,2025-06-21 08:00:00,103307.21,103874.64,-0.0275,-0.5493,flip_level,3,False,0.718335,103500.0,3.0,True,before_exit,True,0.45,A2,True,False,,,,,-22.652312613257664,,,1170.396265402443,,,,103500.0,0.020881105971651322,0.02338951441009498,106128.57,103500.0,103500.0,5227.49835,2352.290453,2.222301392811885,0.6742833328739415,0.7223013928118851,0.01935439584256416,100871.43,104085.19813270122
BTC/USDT,short,volatility_breakout,2025-07-01 16:00:00,2025-07-02 04:00:00,105955.19,107080.0,-0.0531,-1.0616,flip_level,3,False,0.853602,106356.76,3.0,True,before_exit,True,0.45,A2,True,False,,,,,-250.59578771095968,,,818.069849798679,,,,106356.76,0.01526830031365138,0.015532526214971998,108272.45,106356.76,106356.76,3974.69567,1312.3158285000002,3.0287645577994335,0.7882646969898393,1.0,0.3063256612777374,104441.06999999999,106765.79492489934
BTC/USDT,long,volatility_breakout,2025-07-09 20:00:00,2025-07-10 16:00:00,111749.99,111749.99,0.0,0.0,breakeven,5,True,0.844182,109216.56,,False,never,True,0.45,A2,True,False,,,,,219.74630688083212,,,922.016374872869,,,,109216.56,0.014987308234506976,0.015266891390755918,109216.56,107800.01,109216.56,6338.57455,1857.6109865000003,3.4122184871132593,0.7921613941859181,1.0,0.23833232561746157,110633.11,108755.55181256356
BTC/USDT,short,volatility_breakout,2025-07-21 20:00:00,2025-07-22 04:00:00,116767.67,117983.68,-0.0521,-1.0414,flip_level,2,False,0.624788,117453.57,2.0,True,before_exit,True,0.45,A2,True,False,,,,,-83.74914090413868,,,1256.8547213347208,,,,117453.57,0.01643070296637201,0.01746184228480691,120063.84,117453.57,117453.57,3816.98929,2239.970059,1.7040358529185142,0.8189216370324359,0.20403585291851423,0.06663390723090178,114843.30000000002,118081.99736066737
BTC/USDT,short,volatility_breakout,2025-07-22 04:00:00,2025-07-22 08:00:00,117210.0,119154.99,-0.083,-1.6594,flip_level,1,False,0.638026,117453.57,1.0,True,before_exit,True,0.45,A2,True,False,,,,,-121.55096181830106,,,1278.6458566610604,,,,117453.57,0.01643070296637201,0.01746184228480691,119676.73,117453.57,117453.57,3707.46413,2130.8141215,1.7399284586072234,0.8189216370324359,0.23992845860722345,0.09506225761033489,115230.41000000002,118092.89292833053
BTC/USDT,short,volatility_breakout,2025-07-30 20:00:00,2025-07-31 00:00:00,116916.73,118466.14,-0.0663,-1.3252,flip_level,1,False,0.775897,116950.75,1.0,True,before_exit,True,0.45,A2,True,False,,,,,-133.17525649095433,,,1107.9440705571012,,,,116950.75,0.017916246570797312,0.018793134266519237,119273.36,116950.75,116950.75,5721.15052,2498.9430885,2.289428097153722,0.8025498600879668,0.789428097153722,0.12020034226456085,114628.14,117504.72203527855
BTC/USDT,short,volatility_breakout,2025-07-31 20:00:00,2025-08-02 16:00:00,116785.78,112343.434873,0.1902,3.8038,take_profit,11,True,0.583762,116950.75,,False,never,True,0.45,A2,True,True,,,,,-55.19914087800887,,,1081.3975342705917,,,,116950.75,0.016889265294758853,0.01849264799748162,119273.36,116950.75,116950.75,4228.22018,2581.644516,1.6378010813631323,0.708275491500193,0.1378010813631323,0.05104426367611517,114628.14,117491.4487671353
BTC/USDT,long,volatility_breakout,2025-09-02 16:00:00,2025-09-06 16:00:00,110829.16,110038.41,-0.0357,-0.7135,time_stop,24,False,0.842478,109480.02,,False,never,True,0.45,A2,True,False,,,,,326.7832124754091,,,1308.550810992285,,,,109480.02,0.015022157880410258,0.02917668323221528,109480.02,107350.1,109480.02,6768.89317,2215.2346195,3.0556100516015796,0.7750939281334149,1.0,0.2497290970517275,111609.94,108825.74459450386
BTC/USDT,long,volatility_breakout,2025-09-09 08:00:00,2025-09-09 12:00:00,112991.11,111223.826909,-0.0782,-1.5641,stop_loss,1,False,0.710482,112575.27,1.0,True,before_exit,True,0.45,A2,True,False,,,,,139.36464492870397,,,892.1832027724319,,,,112575.27,0.022763193695502584,0.023971163409267793,112575.27,109977.0,112575.27,2906.5944,1363.118265,2.1323127087582527,0.644862483260487,0.6323127087582527,0.15620630885633424,115173.54000000001,112129.17839861379
BTC/USDT,long,volatility_breakout,2025-09-10 16:00:00,2025-09-14 16:00:00,113853.99,115634.99,0.0782,1.5643,time_stop,24,True,0.79828,112575.27,,False,never,True,0.45,A2,True,True,,,,,118.9471272601163,,,998.7515302718471,,,,112575.27,0.022300796955489657,0.02386556540841342,112575.27,110766.66,112575.27,6630.72074,2208.810921,3.0019413055953468,0.6520765162381654,1.0,0.11909581477961836,114383.88,112075.89423486408
BTC/USDT,short,volatility_breakout,2025-09-15 12:00:00,2025-09-15 16:00:00,115070.01,115307.78,-0.0103,-0.2066,flip_level,1,False,0.729111,115127.27,1.0,True,before_exit,True,0.45,A2,True,False,,,,,-191.50304856925652,,,778.7042793370429,,,,115127.27,0.013862530888416956,0.02245434963316361,116665.63,115127.27,115127.27,3497.27876,1701.6170664999997,2.0552677972332742,0.7670243252878577,0.5552677972332742,0.24592525513317381,113588.91,115516.62213966853
BTC/USDT,short,volatility_breakout,2025-09-15 16:00:00,2025-09-15 20:00:00,114842.9,115349.71,-0.0221,-0.4413,flip_level,1,False,0.643487,115127.27,1.0,True,before_exit,True,0.45,A2,True,False,,,,,-218.98800647894507,,,774.1539736701112,,,,115127.27,0.013862530888416956,0.02226198019881464,116665.63,115127.27,115127.27,2995.41636,1769.867005,1.6924527953443598,0.7647126308560388,0.19245279534435977,0.28287396813422805,113588.91,115514.34698683507
BTC/USDT,long,volatility_breakout,2025-10-26 16:00:00,2025-10-28 00:00:00,113694.97,113694.97,0.0,0.0,breakeven,8,True,0.626515,112104.98,17.0,False,after_exit,True,0.45,A2,True,False,,,,,224.87582031252225,,,1061.9847523189321,,,,112104.98,0.03299112763230283,0.036455784977586274,112104.98,107473.72,112104.98,3506.31151,2074.2058575,1.6904356418249098,0.7357154810047773,0.1904356418249098,0.2117505169650385,116736.23999999999,111573.98762384053
BTC/USDT,short,volatility_breakout,2025-11-03 16:00:00,2025-11-03 20:00:00,105745.71,106583.04,-0.0396,-0.7918,flip_level,1,False,0.803507,106304.34,1.0,True,before_exit,True,0.45,A2,True,False,,,,,-355.43676830602305,,,1326.315696894958,,,,106304.34,0.02718939164147188,0.03860119972144497,111190.0,106304.34,106304.34,6164.15776,2534.786634,2.4318251001160993,0.6517647963949027,0.9318251001160993,0.2679880583017582,101418.68,106967.49784844747
BTC/USDT,long,volatility_breakout,2025-11-10 04:00:00,2025-11-11 12:00:00,106027.97,103331.059808,-0.1272,-2.5436,stop_loss,8,False,0.674154,104096.36,8.0,True,before_exit,True,0.45,A2,True,False,,,,,584.6904636477312,,,1398.8639495878267,,,,104096.36,0.030522876560344983,0.03715346965984071,104096.36,101400.0,104096.36,6501.34292,3547.7750665,1.8325127151913254,0.6416469111837411,0.3325127151913254,0.4179752175470742,106792.72,103396.92802520609
BTC/USDT,short,volatility_breakout,2025-11-17 20:00:00,2025-11-21 00:00:00,91678.93,85380.977314,0.3435,6.8696,take_profit,19,True,0.781331,94012.45,,False,never,True,0.45,A2,True,True,,,,,-5.614287922965559,,,1604.8734153971873,,,,94012.45,0.03304303123356334,0.03834377266998661,96635.11,94012.45,94012.45,11700.57582,4762.127523,2.457005983877765,0.7077738862652587,0.9570059838777651,0.0034982746110079274,91389.79,94814.88670769859
BTC/USDT,long,volatility_breakout,2025-11-26 20:00:00,2025-11-30 20:00:00,89957.37,90360.0,0.0224,0.4476,time_stop,24,True,0.723877,89228.0,,False,never,True,0.45,A2,True,True,,,,,249.911219899295,,,1594.0195780896659,,,,89228.0,0.024949289232738602,0.03874877731778939,89228.0,86116.0,89228.0,7510.43418,3646.6108744999997,2.059565563334142,0.8023448701714829,0.5595655633341421,0.15678052097628448,92340.0,88430.99021095516
BTC/USDT,short,volatility_breakout,2025-12-01 04:00:00,2025-12-01 12:00:00,86346.13,86346.13,0.0,0.0,breakeven,2,True,0.8763,90180.63,8.0,False,after_exit,True,0.45,A2,True,False,,,,,-434.4088696481478,,,1201.097035659833,,,,90180.63,0.01764138121884633,0.03515447651656729,91950.0,90180.63,90180.63,10249.65966,2364.446804,4.334908124243001,0.8602401269776498,1.0,0.3616767477987335,88411.26000000001,90781.17851782992
BTC/USDT,short,volatility_breakout,2025-12-01 16:00:00,2025-12-02 00:00:00,84677.87,87270.584336,-0.1531,-3.0619,stop_loss,2,False,0.912673,90180.63,5.0,False,after_exit,True,0.45,A2,True,False,,,,,-793.4258748440379,,,1278.842335038139,,,,90180.63,0.01918027826535681,0.03515447651656729,91950.0,90180.63,90180.63,8124.37241,2923.0737045,2.7793936216841635,0.8480485614110599,1.0,0.6204250931530004,88411.26000000001,90820.05116751908
BTC/USDT,long,volatility_breakout,2025-12-09 16:00:00,2025-12-10 08:00:00,92707.5,92120.45,-0.0317,-0.6332,flip_level,4,False,0.732171,92287.15,4.0,True,before_exit,True,0.45,A2,True,False,,,,,162.66280301180208,,,1349.6926256676145,,,,92287.15,0.03514809831970707,0.035421658155787523,92287.15,88056.0,92287.15,4917.67396,2281.3441685,2.155603712890636,0.7509624268765178,0.655603712890636,0.12051840538977698,96518.29999999999,91612.30368716619
BTC/USDT,long,volatility_breakout,2025-12-22 16:00:00,2025-12-22 20:00:00,89726.93,88620.79,-0.0616,-1.2328,flip_level,1,False,0.749486,89399.97,1.0,True,before_exit,True,0.45,A2,True,False,,,,,180.20401389779926,,,1026.611050791406,,,,89399.97,0.019626686007602846,0.040873884875508915,89399.97,87600.04,89399.97,3942.72215,1848.1848825000002,2.1332942322668305,0.8241635035031567,0.6332942322668305,0.17553289900676744,91199.90000000001,88886.6644746043
BTC/USDT,short,volatility_breakout,2025-12-23 16:00:00,2025-12-24 20:00:00,87443.45,87669.45,-0.0129,-0.2585,flip_level,7,False,0.691712,87600.04,7.0,True,before_exit,True,0.45,A2,True,False,,,,,-170.19803991469738,,,1096.4136640583727,,,,87600.04,0.023613165437023822,0.03600441121775909,88175.98,87600.04,87600.04,3407.99312,1674.4706125,2.035266008587535,0.6730552350044976,0.5352660085875351,0.15523159323344232,87024.09999999999,88148.24683202918
BTC/USDT,short,volatility_breakout,2026-01-25 20:00:00,2026-01-26 08:00:00,86495.17,88222.524308,-0.0999,-1.9971,stop_loss,3,False,0.840467,88578.36,7.0,False,after_exit,True,0.45,A2,True,False,,,,,-127.26184953284678,,,857.8777045515698,,,,88578.36,0.013528994023843796,0.014804362703289263,91224.99,88578.36,88578.36,6164.82689,1804.8442490000002,3.4157112966482903,0.841075766868057,1.0,0.14834497837820504,85931.73,89007.29885227578
BTC/USDT,short,volatility_breakout,2026-02-19 16:00:00,2026-02-19 20:00:00,66398.01,67003.73,-0.0456,-0.9123,flip_level,1,False,0.608864,66621.06,1.0,True,before_exit,True,0.45,A2,True,False,,,,,-105.40579756177158,,,1048.0085429845028,,,,66621.06,0.04196511479483632,0.051602885487691,68410.52,66621.06,66621.06,4451.59374,2678.9818065,1.6616737482871742,0.7667925114723492,0.16167374828717418,0.10057723123286624,64831.59999999999,67145.06427149224
BTC/USDT,short,volatility_breakout,2026-02-23 04:00:00,2026-02-25 00:00:00,64934.18,64934.18,0.0,0.0,breakeven,11,True,0.855107,67294.11,14.0,False,after_exit,True,0.45,A2,True,False,,,,,-200.73361926181053,,,921.2883619341135,,,,67294.11,0.024810881206893936,0.036470984065525285,68318.39,67294.11,67294.11,11022.665,3222.573085,3.420454620969442,0.8621215902135555,1.0,0.21788359384069383,66269.83,67754.75418096705
BTC/USDT,long,volatility_breakout,2026-03-13 16:00:00,2026-03-13 20:00:00,71831.46,70930.0,-0.0627,-1.255,flip_level,1,False,0.803918,71777.0,1.0,True,before_exit,True,0.45,A2,True,False,,,,,169.01835281494243,,,1200.5224039671139,,,,71777.0,0.037068965804340014,0.040043109662109604,71777.0,68977.91,71777.0,12303.83944,4948.6740085,2.4862901494150824,0.6811368775136497,0.9862901494150824,0.1407873374594452,74576.09,71176.73879801645
BTC/USDT,long,volatility_breakout,2026-03-16 04:00:00,2026-03-17 08:00:00,73573.31,73573.31,0.0,0.0,breakeven,7,True,0.574048,71777.0,14.0,False,after_exit,True,0.45,A2,True,False,,,,,156.004468071808,,,995.6793038741686,,,,71777.0,0.029183028133240772,0.03978784871187871,71777.0,70317.0,71777.0,5313.15699,3535.021138,1.5030057197921063,0.748970836594457,0.0030057197921062873,0.15668144096678285,73237.0,71279.16034806291
BTC/USDT,short,volatility_breakout,2026-03-22 00:00:00,2026-03-23 08:00:00,68918.12,70905.469044,-0.1442,-2.8836,stop_loss,8,False,0.557026,69388.0,8.0,True,before_exit,True,0.45,A2,True,False,,,,,-38.68980053579713,,,965.4733314564163,,,,69388.0,0.028637267076398736,0.03915433154545772,71367.0,69388.0,69388.0,4574.71871,3047.5251959999996,1.5011258039817041,0.7536654125271831,0.0011258039817041432,0.04007340158990573,67409.0,69870.73666572821
BTC/USDT,long,volatility_breakout,2026-03-31 08:00:00,2026-03-31 12:00:00,67367.7,66736.8,-0.0468,-0.9365,flip_level,1,False,0.611443,67288.94,1.0,True,before_exit,True,0.45,A2,True,False,,,,,193.19472121277335,,,971.7252502798892,,,,67288.94,0.02921972351790612,0.035237472231965924,67288.94,65548.25,67288.94,3894.57803,2335.164217,1.667796209640189,0.6983554394425633,0.16779620964018904,0.1988161994937631,69029.63,66803.07737486006
BTC/USDT,long,volatility_breakout,2026-03-31 20:00:00,2026-04-02 00:00:00,67838.79,66576.25,-0.0931,-1.8611,flip_level,7,False,0.601462,67288.94,7.0,True,before_exit,True,0.45,A2,True,False,,,,,155.32640270852437,,,1092.046998857477,,,,67288.94,0.029085978764036843,0.033303876915246756,67288.94,65548.25,67288.94,4391.49464,2644.3361959999997,1.6607172138863693,0.6997361293550821,0.16071721388636928,0.14223417386891787,69029.63,66742.91650057126
BTC/USDT,long,volatility_breakout,2026-04-06 00:00:00,2026-04-07 20:00:00,69034.18,69034.18,0.0,0.0,breakeven,11,True,0.773116,67562.93,,False,never,True,0.45,A2,True,False,,,,,160.98620531763453,,,711.5294726529529,,,,67562.93,0.012548208042831608,0.030229122387480573,67562.93,65998.05,67562.93,3848.7672,1781.5525590000002,2.1603444594193415,0.8704608310703662,0.6603444594193415,0.22625374141902233,69127.80999999998,67207.16526367352
BTC/USDT,long,volatility_breakout,2026-04-17 16:00:00,2026-04-18 16:00:00,77785.03,75590.685123,-0.1411,-2.821,stop_loss,6,False,0.814056,75425.0,9.0,False,after_exit,True,0.45,A2,True,False,,,,,133.61375295373853,,,1079.0318567490158,,,,75425.0,0.02303191608257494,0.029206349042519193,75425.0,73514.0,75425.0,11844.17586,3569.529635,3.3181334996816743,0.7274090602847858,1.0,0.12382744042080424,77336.0,74885.4840716255
BTC/USDT,long,volatility_breakout,2026-04-22 08:00:00,2026-04-26 08:00:00,78012.78,78101.44,0.0057,0.1136,time_stop,24,False,0.602104,76240.66,,False,never,True,0.45,A2,True,True,,,,,191.26766234075126,,,1060.2737148528936,,,,76240.66,0.03259346381914668,0.032613646481978086,76240.66,73724.31,76240.66,4391.05885,2554.7393045,1.718789405347719,0.6017372133700958,0.21878940534771907,0.18039460911024138,78757.01000000001,75710.52314257355
BTC/USDT,short,volatility_breakout,2026-04-27 20:00:00,2026-04-29 08:00:00,76878.23,77590.03,-0.0463,-0.9259,flip_level,9,False,0.586815,77140.23,9.0,True,before_exit,True,0.45,A2,True,False,,,,,-159.76636570035458,,,806.1557475172924,,,,77140.23,0.02300755657018081,0.02343916572318072,79472.82,77140.23,77140.23,2644.9239,1702.825374,1.55325610035219,0.7188683705411318,0.05325610035219008,0.19818300147630905,74807.63999999998,77543.30787375865
BTC/USDT,short,volatility_breakout,2026-06-23 08:00:00,2026-06-24 12:00:00,62886.04,62886.04,0.0,0.0,breakeven,7,True,0.71109,63270.0,,False,never,True,0.45,A2,True,False,,,,,-50.46119357226688,,,772.0427240744463,,,,63270.0,0.023852194215837837,0.03645337025197484,66445.93,63270.0,63270.0,3954.74479,1935.5259140000003,2.0432404244214113,0.827377254990373,0.5432404244214113,0.06536062318670466,60094.07000000001,63656.02136203722
BTC/USDT,long,volatility_breakout,2026-07-21 08:00:00,2026-07-23 04:00:00,66186.86,65442.13,-0.0563,-1.1252,flip_level,11,False,0.57683,65600.0,11.0,True,before_exit,True,0.45,A2,True,False,,,,,128.43242359104914,,,693.7190019359008,,,,65600.0,0.027774729401029874,0.02841865986709939,65600.0,63100.0,65600.0,3537.73944,2177.885862,1.6243915724542224,0.5898082529847342,0.12439157245422239,0.185136090020086,68100.0,65253.14049903205
BTC/USDT,short,volatility_breakout,2026-07-31 16:00:00,2026-08-03 16:00:00,62716.57,63869.38,-0.0919,-1.8381,flip_level,18,False,0.710279,63739.75,18.0,True,before_exit,True,0.45,A2,True,False,,,,,-91.29546659060037,,,702.2414724048931,,,,63739.75,0.02672930437780591,0.02865181284838933,64744.81,63739.75,63739.75,6622.15348,2946.488641,2.247472937059254,0.5195493252083196,0.7474729370592539,0.13000580310067747,62734.69,64090.87073620244
BTC/USDT,short,volatility_breakout,2026-08-10 16:00:00,2026-08-12 12:00:00,64299.99,64299.99,0.0,0.0,breakeven,11,True,0.801516,64730.08,,False,never,True,0.45,A2,True,False,,,,,-74.4277707012825,,,425.9036476096511,,,,64730.08,0.011583009358072728,0.01816451023099,65192.54,64730.08,64730.08,3640.00431,1514.3007845,2.403752508919076,0.746827211407918,0.9037525089190761,0.17475260218831698,64267.62,64943.03182380483
ETH/USDT,short,volatility_breakout,2024-10-10 00:00:00,2024-10-10 08:00:00,2370.47,2406.56,-0.0761,-1.5225,flip_level,2,False,0.616536,2401.18,2.0,True,before_exit,True,0.45,A2,True,False,,,,,-4.548145014117784,,,40.18646609968655,,,,2401.18,0.03225113160697167,0.035962485575685495,2473.61,2401.18,2401.18,65596.3171,39256.331889999994,1.6709741828097229,0.7840808034188892,0.17097418280972287,0.11317603799337955,2328.7499999999995,2421.273233049843
ETH/USDT,long,volatility_breakout,2024-10-20 16:00:00,2024-10-21 08:00:00,2706.58,2706.58,0.0,0.0,breakeven,4,True,0.809903,2675.58,7.0,False,after_exit,True,0.45,A2,True,False,,,,,0.7502689804485279,,,31.593519648216404,,,,2675.58,0.02629057668611618,0.027223062720712655,2675.58,2575.4,2675.58,100584.9476,34502.924,2.9152586488032144,0.7817033584829861,1.0,0.02374755927172818,2775.7599999999998,2659.783240175892
ETH/USDT,long,volatility_breakout,2024-12-16 20:00:00,2024-12-17 12:00:00,4056.89,3939.18,-0.1451,-2.9015,flip_level,4,False,0.828519,3987.41,4.0,True,before_exit,True,0.45,A2,True,False,,,,,10.283522916703767,,,75.93888633103677,,,,3987.41,0.02795656181839912,0.041864031414433005,3987.41,3825.03,3987.41,220282.2717,66565.12091999999,3.3092747170810677,0.7910309207343553,1.0,0.13541840568842814,4149.789999999999,3949.4405568344814
ETH/USDT,short,volatility_breakout,2025-01-07 16:00:00,2025-01-09 16:00:00,3462.65,3199.75869,0.3796,7.5922,take_profit,12,True,0.864138,3593.7,,False,never,True,0.45,A2,True,True,,,,,-21.26265174977371,,,61.62535270222779,,,,3593.7,0.03346112560383887,0.03529919081455196,3675.25,3593.7,3593.7,237757.3537,48862.297495000006,4.865865214879208,0.8119149068361973,1.0,0.3450309136973922,3512.1499999999996,3624.512676351114
ETH/USDT,short,volatility_breakout,2025-01-13 12:00:00,2025-01-14 08:00:00,3057.15,3201.224326,-0.2356,-4.7127,stop_loss,5,False,0.826998,3208.2,5.0,True,before_exit,True,0.45,A2,True,False,,,,,-7.590878492234388,,,64.39540653924885,,,,3208.2,0.028175473313472636,0.03495076576453102,3320.18,3208.2,3208.2,168149.8731,51754.27098,3.2490047664854576,0.7965813423900224,1.0,0.11787919201360683,3096.22,3240.3977032696243
ETH/USDT,long,volatility_breakout,2025-02-13 00:00:00,2025-02-13 04:00:00,2738.27,2681.5,-0.1037,-2.0732,flip_level,1,False,0.612155,2698.9,1.0,True,before_exit,True,0.45,A2,True,False,,,,,10.255817762966593,,,70.47398629121241,,,,2698.9,0.050292753809727864,0.051197837948371835,2698.9,2562.51,2698.9,140063.7071,86318.81842,1.622632349049247,0.7983379530330685,0.12263234904924691,0.14552628995027372,2835.29,2663.663006854394
ETH/USDT,long,volatility_breakout,2025-02-17 12:00:00,2025-02-17 16:00:00,2755.2,2717.72,-0.068,-1.3603,flip_level,1,False,0.829066,2725.04,1.0,True,before_exit,True,0.45,A2,True,False,,,,,0.7583391698950317,,,47.809549969417546,,,,2725.04,0.029070474108870405,0.04201097644632516,2725.04,2662.28,2725.04,133143.9377,51567.12034,2.581954098311785,0.8834342749002531,1.0,0.01586166718532428,2787.7999999999997,2701.1352250152913
ETH/USDT,long,volatility_breakout,2025-02-17 16:00:00,2025-02-18 00:00:00,2755.71,2712.08,-0.0792,-1.5833,flip_level,2,False,0.838327,2725.04,2.0,True,before_exit,True,0.45,A2,True,False,,,,,4.019160254102161,,,51.79458211445914,,,,2725.04,0.029070474108870405,0.04104925374085682,2725.04,2662.28,2725.04,201274.6321,59342.536994999995,3.3917429603146005,0.8834342749002531,1.0,0.07759808246392164,2787.7999999999997,2699.1427089427702
ETH/USDT,short,volatility_breakout,2025-02-18 20:00:00,2025-02-19 00:00:00,2630.38,2694.02,-0.121,-2.4194,flip_level,1,False,0.6883,2662.28,1.0,True,before_exit,True,0.45,A2,True,False,,,,,-8.000244749996057,,,57.60810302271175,,,,2662.28,0.0369667239442875,0.037894847802764614,2727.31,2662.28,2662.28,139482.6642,73860.56636,1.8884591748207658,0.8517721807704124,0.38845917482076575,0.13887360163277715,2597.2500000000005,2691.084051511356
ETH/USDT,long,volatility_breakout,2025-03-19 12:00:00,2025-03-21 12:00:00,2028.0,1949.077639,-0.1946,-3.8916,stop_loss,12,False,0.856789,1945.64,,False,never,True,0.45,A2,True,False,,,,,10.656912651006477,,,37.70127151786619,,,,1945.64,0.04152071161799801,0.043533257809650276,1945.64,1872.31,1945.64,177658.3462,63450.576815,2.799948481445495,0.8219442380877645,1.0,0.2826671945522127,2018.9700000000003,1926.789364241067
ETH/USDT,short,volatility_breakout,2025-04-06 16:00:00,2025-04-06 20:00:00,1759.56,1583.040542,0.5016,10.032,take_profit,1,True,0.651384,1767.69,,False,never,True,0.45,A2,True,True,,,,,-0.5891261116108133,,,35.36600803537236,,,,1767.69,0.02852114773983381,0.040063995648116885,1835.68,1767.69,1767.69,126184.7151,67456.69470000001,1.8706032909139854,0.7811746770694095,0.37060329091398536,0.016657975958767564,1699.7,1785.3730040176863
ETH/USDT,short,volatility_breakout,2025-04-06 20:00:00,2025-04-07 04:00:00,1626.24,1435.56336,0.5862,11.725,take_profit,2,True,0.841271,1767.69,,False,never,True,0.45,A2,True,True,,,,,-10.307690524153656,,,44.12986460427433,,,,1767.69,0.02852114773983381,0.04019051885370637,1835.68,1767.69,1767.69,394747.5662,83794.05026,4.710925954470028,0.7811746770694095,1.0,0.2335763006885653,1699.7,1789.7549323021371
ETH/USDT,short,volatility_breakout,2025-04-07 04:00:00,2025-04-09 16:00:00,1543.69,1543.69,0.0,0.0,breakeven,15,True,0.825194,1767.69,,False,never,True,0.45,A2,True,False,,,,,-24.987469551625832,,,50.93707713327736,,,,1767.69,0.02852114773983381,0.04148633348919661,1835.68,1767.69,1767.69,231470.3874,101543.32220000001,2.2795234820473502,0.7836477508502497,0.7795234820473502,0.49055562191458046,1699.7,1793.1585385666388
ETH/USDT,short,volatility_breakout,2025-05-05 04:00:00,2025-05-05 16:00:00,1794.5,1816.44,-0.0611,-1.2226,flip_level,3,False,0.66862,1813.0,3.0,True,before_exit,True,0.45,A2,True,False,,,,,-5.132341895215562,,,25.860090762060967,,,,1813.0,0.018134960298822313,0.026191014915936485,1842.99,1813.0,1813.0,86015.2042,49104.53812,1.7516752522913253,0.8796580614236084,0.25167525229132526,0.19846573403157425,1783.01,1825.9300453810306
ETH/USDT,long,volatility_breakout,2025-05-27 08:00:00,2025-05-30 00:00:00,2607.6,2607.6,0.0,0.0,breakeven,16,True,0.843806,2588.63,20.0,False,after_exit,True,0.45,A2,True,False,,,,,5.235877298328536,,,51.24490136494858,,,,2588.63,0.03719198530817537,0.06703464758783187,2588.63,2498.3,2588.63,197681.4542,62389.993655,3.168480113864503,0.8923988942652578,1.0,0.10217362428001212,2678.96,2563.007549317526
ETH/USDT,long,volatility_breakout,2025-06-03 04:00:00,2025-06-05 16:00:00,2603.38,2528.96,-0.1429,-2.8586,flip_level,15,False,0.646968,2550.34,15.0,True,before_exit,True,0.45,A2,True,False,,,,,12.304813946519623,,,50.46141324405904,,,,2550.34,0.0405799242294333,0.06005600782051605,2550.34,2509.46,2550.34,131030.6321,71652.89551500001,1.8286857936197385,0.6410989769486383,0.3286857936197385,0.24384600342060975,2591.2200000000003,2525.1092933779705
ETH/USDT,short,volatility_breakout,2025-06-06 00:00:00,2025-06-06 08:00:00,2414.02,2476.15,-0.1287,-2.5737,flip_level,2,False,0.798303,2475.33,2.0,True,before_exit,True,0.45,A2,True,False,,,,,-17.919295459026632,,,55.377477671452674,,,,2475.33,0.05096297168541733,0.055917670776883734,2550.34,2475.33,2475.33,307649.7091,96794.04251500001,3.1783950861678707,0.4988255395994088,1.0,0.32358453675588955,2400.3199999999997,2503.0187388357263
ETH/USDT,long,volatility_breakout,2025-06-09 20:00:00,2025-06-10 08:00:00,2580.58,2758.584195,0.3449,6.8978,take_profit,3,True,0.636594,2544.36,19.0,False,after_exit,True,0.45,A2,True,True,,,,,8.641548808548944,,,38.82651407822588,,,,2544.36,0.029493993454780397,0.046340270394083054,2544.36,2381.49,2544.36,102931.886,59486.95022000001,1.7303271661991075,0.7281367267760552,0.23032716619910754,0.22256823754865934,2707.2300000000005,2524.946742960887
ETH/USDT,long,volatility_breakout,2025-06-10 08:00:00,2025-06-12 20:00:00,2677.36,2677.36,0.0,0.0,breakeven,15,True,0.622644,2544.36,16.0,False,after_exit,True,0.45,A2,True,False,,,,,22.626374968741015,,,44.913149209133486,,,,2544.36,0.029493993454780397,0.046340270394083054,2544.36,2477.73,2544.36,105454.7733,70032.504535,1.5057975435863085,0.7281367267760552,0.005797543586308462,0.5037806381241184,2610.9900000000002,2521.9034253954333
ETH/USDT,short,volatility_breakout,2025-06-20 20:00:00,2025-06-22 12:00:00,2414.84,2203.20907,0.4382,8.7638,take_profit,10,True,0.827123,2492.0,,False,never,True,0.45,A2,True,True,,,,,-3.947671182087772,,,52.69755807384894,,,,2492.0,0.028449278237452223,0.04491463473495592,2680.34,2492.0,2492.0,287925.9928,86624.494985,3.323840362357756,0.8294290723234847,1.0,0.07491184271870079,2303.66,2518.3487790369245
ETH/USDT,long,volatility_breakout,2025-06-30 00:00:00,2025-06-30 08:00:00,2500.09,2458.52,-0.0831,-1.6627,flip_level,2,False,0.841422,2463.54,2.0,True,before_exit,True,0.45,A2,True,False,,,,,3.0399109469931602,,,38.014590412444775,,,,2463.54,0.01822012564571793,0.03452544160644984,2463.54,2389.69,2463.54,134282.7777,46033.21071,2.9170847661692467,0.8971369857195425,1.0,0.07996695253088902,2537.39,2444.5327047937776
ETH/USDT,short,volatility_breakout,2025-08-01 04:00:00,2025-08-02 16:00:00,3704.98,3397.856229,0.4145,8.2895,take_profit,9,True,0.619768,3716.04,22.0,False,after_exit,True,0.45,A2,True,True,,,,,-15.339118986914238,,,76.46639992218007,,,,3716.04,0.038395401792394736,0.04532396884110675,3878.67,3716.04,3716.04,149144.9601,92018.24707,1.6208194010318697,0.797363777580943,0.12081940103186972,0.2005994659422292,3553.41,3754.27319996109
ETH/USDT,long,volatility_breakout,2025-08-13 00:00:00,2025-08-14 12:00:00,4590.52,4590.52,0.0,0.0,breakeven,9,True,0.597157,4332.6,,False,never,True,0.45,A2,True,False,,,,,14.99678656348324,,,97.52029912312688,,,,4332.6,0.04419396152156607,0.045745301126660094,4332.6,4166.77,4332.6,185688.4715,114924.27275999999,1.6157463261723584,0.7257656573884758,0.11574632617235836,0.15378117887588352,4498.43,4283.839850438437
ETH/USDT,long,volatility_breakout,2025-08-22 16:00:00,2025-08-25 04:00:00,4616.09,4616.09,0.0,0.0,breakeven,15,True,0.81656,4378.0,19.0,False,after_exit,True,0.45,A2,True,False,,,,,32.925872782259916,,,114.78479752113248,,,,4378.0,0.06560260524024103,0.0715728763840564,4378.0,4060.0,4378.0,510799.5805,127006.262725,4.021845612495563,0.6176632711303567,1.0,0.28684872468584605,4696.0,4320.607601239434
ETH/USDT,long,volatility_breakout,2025-09-10 16:00:00,2025-09-10 20:00:00,4404.9,4349.32,-0.0631,-1.2618,flip_level,1,False,0.850072,4384.06,1.0,True,before_exit,True,0.45,A2,True,False,,,,,8.484852065425276,,,55.36955801202347,,,,4384.06,0.021326552868344402,0.0315455608900075,4384.06,4276.76,4384.06,204214.2372,63280.791955,3.227112539065884,0.885429524793253,1.0,0.1532403791914466,4491.360000000001,4356.3752209939885
ETH/USDT,long,volatility_breakout,2025-10-26 16:00:00,2025-10-28 00:00:00,4075.29,4075.29,0.0,0.0,breakeven,8,True,0.609212,4026.39,13.0,False,after_exit,True,0.45,A2,True,False,,,,,15.98008835513965,,,61.16348300209792,,,,4026.39,0.03914581052042994,0.05794562863046184,4026.39,3827.04,4026.39,89022.6137,58199.30122499999,1.5296165387937615,0.8130888569182058,0.02961653879376147,0.26126844925740295,4225.74,3995.808258498951
ETH/USDT,short,volatility_breakout,2025-11-03 16:00:00,2025-11-04 16:00:00,3588.89,3275.791584,0.4362,8.7241,take_profit,6,True,0.824901,3680.0,,False,never,True,0.45,A2,True,True,,,,,-22.45087377142596,,,75.2018811039373,,,,3680.0,0.039504515345372145,0.05050631025057912,3906.09,3680.0,3680.0,253499.7906,69054.87806,3.6709903445161483,0.6505994801392443,1.0,0.298541385426202,3453.91,3717.6009405519685
ETH/USDT,short,volatility_breakout,2025-11-17 20:00:00,2025-11-18 12:00:00,2982.27,3106.87,-0.2089,-4.178,flip_level,4,False,0.744211,3070.0,4.0,True,before_exit,True,0.45,A2,True,False,,,,,-0.4861315055672293,,,90.57504508108822,,,,3070.0,0.04981099918603525,0.056953807457865616,3249.0,3070.0,3070.0,229892.4268,99558.48615499999,2.3091193496261737,0.7056303194002109,0.8091193496261737,0.0053671682429969,2891.0,3115.287522540544
ETH/USDT,short,volatility_breakout,2025-12-01 04:00:00,2025-12-01 12:00:00,2825.77,2825.77,0.0,0.0,breakeven,2,True,0.864396,2961.91,8.0,False,after_exit,True,0.45,A2,True,False,,,,,-16.640927950726656,,,53.33846544180062,,,,2961.91,0.02708688819065295,0.05152695885603582,3071.37,2961.91,2961.91,199403.7391,48757.874245,4.089672533671797,0.8379919403156239,1.0,0.3119873774562211,2852.45,2988.5792327209
ETH/USDT,short,volatility_breakout,2025-12-01 12:00:00,2025-12-02 12:00:00,2838.36,2838.36,0.0,0.0,breakeven,6,True,0.890549,2961.91,6.0,True,before_exit,True,0.45,A2,True,False,,,,,-24.58271669534594,,,50.30928907991994,,,,2961.91,0.02737470131939888,0.05152695885603582,3053.02,2961.91,2961.91,154411.9934,56471.744759999994,2.7343230505138023,0.8362705153142866,1.0,0.4886317645294991,2870.7999999999997,2987.0646445399598
ETH/USDT,short,volatility_breakout,2025-12-23 16:00:00,2025-12-23 20:00:00,2928.59,2965.02,-0.0622,-1.2439,flip_level,1,False,0.82727,2944.0,1.0,True,before_exit,True,0.45,A2,True,False,,,,,-8.15313739426064,,,50.5535657431339,,,,2944.0,0.03149090782887166,0.05571739977021735,2997.4,2944.0,2944.0,96611.7545,38189.14814,2.529822193095926,0.7653899555859447,1.0,0.16127719725424086,2890.6,2969.276782871567
ETH/USDT,short,volatility_breakout,2025-12-23 20:00:00,2025-12-24 00:00:00,2943.95,2945.75,-0.0031,-0.0611,flip_level,1,False,0.612472,2944.0,1.0,True,before_exit,True,0.45,A2,True,False,,,,,-9.155287630604937,,,51.05759676148149,,,,2944.0,0.03149090782887166,0.05545774876795188,2997.4,2944.0,2944.0,66566.6724,40795.847035,1.6317021765203312,0.7632463630794688,0.13170217652033123,0.17931293698319548,2890.6,2969.5287983807407
ETH/USDT,long,volatility_breakout,2025-12-29 04:00:00,2025-12-29 08:00:00,3043.75,2971.761278,-0.1183,-2.3651,stop_loss,1,False,0.852435,2994.38,1.0,True,before_exit,True,0.45,A2,True,False,,,,,8.6383351218877,,,35.14469646521868,,,,2994.38,0.020418141857006793,0.022838525512066905,2994.38,2917.13,2994.38,101995.3642,34012.968264999996,2.998719882526548,0.8278303378482907,1.0,0.24579341951172404,3071.63,2976.807651767391
ETH/USDT,long,volatility_breakout,2025-12-29 08:00:00,2025-12-29 12:00:00,3019.51,2942.717615,-0.1272,-2.5432,stop_loss,1,False,0.859496,2994.38,1.0,True,before_exit,True,0.45,A2,True,False,,,,,10.541535985778928,,,35.994361003417374,,,,2994.38,0.020418141857006793,0.022838525512066905,2994.38,2917.13,2994.38,103030.9462,37186.592195,2.7706477017233446,0.8278303378482907,1.0,0.2928663182763015,3071.63,2976.3828194982916
ETH/USDT,short,volatility_breakout,2026-01-19 04:00:00,2026-01-20 12:00:00,3212.28,3042.44127,0.2644,5.2872,take_profit,8,True,0.838896,3253.01,,False,never,True,0.45,A2,True,True,,,,,-10.75707794157264,,,43.40735030357177,,,,3253.01,0.023541221123364844,0.023680849223621417,3402.89,3253.01,3253.01,189671.1361,37264.18667,5.089904088868713,0.7586162969795387,1.0,0.24781696800985095,3103.1300000000006,3274.713675151786
ETH/USDT,short,volatility_breakout,2026-01-25 20:00:00,2026-01-26 04:00:00,2812.96,2900.601706,-0.1558,-3.1156,stop_loss,2,False,0.829893,2892.4,2.0,True,before_exit,True,0.45,A2,True,False,,,,,-1.8806906405286838,,,44.21322633869213,,,,2892.4,0.016682166580716733,0.023537692336817,3019.26,2892.4,2892.4,193895.4063,43468.53909,4.460591737360825,0.8675641146572277,1.0,0.0425368333476004,2765.54,2914.506613169346
ETH/USDT,short,volatility_breakout,2026-01-26 04:00:00,2026-01-26 12:00:00,2850.69,2946.532798,-0.1681,-3.3621,stop_loss,2,False,0.778175,2892.4,2.0,True,before_exit,True,0.45,A2,True,False,,,,,-5.957381709759005,,,46.86150638387232,,,,2892.4,0.016682166580716733,0.023537692336817,3019.26,2892.4,2892.4,103456.7027,46137.152814999994,2.242372933475956,0.8675641146572277,0.7423729334759561,0.12712740518749682,2765.54,2915.8307531919363
ETH/USDT,short,volatility_breakout,2026-02-19 16:00:00,2026-02-19 20:00:00,1926.29,1949.08,-0.0592,-1.1831,flip_level,1,False,0.615893,1941.66,1.0,True,before_exit,True,0.45,A2,True,False,,,,,-3.5306799983815775,,,40.65504198358711,,,,1941.66,0.03541021555303484,0.06907710223149796,2023.51,1941.66,1941.66,102895.4861,63581.921575,1.6183135638426165,0.8664370414149372,0.11831356384261649,0.0868448248019754,1859.8100000000002,1961.9875209917936
ETH/USDT,short,volatility_breakout,2026-02-23 04:00:00,2026-02-23 12:00:00,1862.88,1929.172522,-0.1779,-3.5586,stop_loss,2,False,0.854445,1941.66,14.0,False,after_exit,True,0.45,A2,True,False,,,,,-6.849009669805452,,,32.97520406851464,,,,1941.66,0.028065917035983996,0.038769799008640034,1995.56,1941.66,1941.66,167470.8913,45936.72166,3.64568661515581,0.8664462452529746,1.0,0.20770181302213736,1887.7600000000002,1958.1476020342575
ETH/USDT,short,volatility_breakout,2026-02-23 16:00:00,2026-02-25 00:00:00,1895.65,1895.65,0.0,0.0,breakeven,8,True,0.658631,1941.66,11.0,False,after_exit,True,0.45,A2,True,False,,,,,-7.727838686572046,,,35.020194365352296,,,,1941.66,0.028065917035983996,0.038769799008640034,1995.56,1941.66,1941.66,88300.1008,51377.05917,1.71866786901575,0.8543206193700601,0.21866786901574997,0.22066806957010174,1887.7600000000002,1959.1700971826763
ETH/USDT,long,volatility_breakout,2026-03-13 04:00:00,2026-03-13 16:00:00,2118.86,2118.86,0.0,0.0,breakeven,3,True,0.622819,2088.19,6.0,False,after_exit,True,0.45,A2,True,False,,,,,5.78270248380554,,,44.28570672928045,,,,2088.19,0.04523102740193612,0.0461019118333372,2088.19,2007.17,2088.19,126779.3388,71930.420535,1.7625274238221857,0.6880011575719933,0.26252742382218575,0.13057717514039766,2169.21,2066.0471466353597
ETH/USDT,long,volatility_breakout,2026-03-13 16:00:00,2026-03-14 04:00:00,2128.01,2077.46,-0.1188,-2.3755,flip_level,3,False,0.809781,2088.19,3.0,True,before_exit,True,0.45,A2,True,False,,,,,7.275319493754196,,,46.40688691116226,,,,2088.19,0.04619867677015954,0.048480754493093046,2088.19,2007.17,2088.19,234537.6685,77194.979905,3.0382502694946454,0.6813264145890608,1.0,0.15677240982963375,2169.21,2064.986556544419
ETH/USDT,long,volatility_breakout,2026-03-16 16:00:00,2026-03-18 08:00:00,2273.88,2273.88,0.0,0.0,breakeven,10,True,0.835217,2209.03,11.0,False,after_exit,True,0.45,A2,True,False,,,,,17.64797283269596,,,43.081957345120074,,,,2209.03,0.047439115462581005,0.05082234779261858,2209.03,2061.6,2209.03,178036.6219,72464.85864,2.4568684082373307,0.6727699997037815,0.9568684082373307,0.40963721056872915,2356.4600000000005,2187.4890213274402
ETH/USDT,long,volatility_breakout,2026-04-06 00:00:00,2026-04-06 20:00:00,2110.17,2110.17,0.0,0.0,breakeven,5,True,0.847772,2081.76,9.0,False,after_exit,True,0.45,A2,True,False,,,,,3.6374498903922685,,,30.2484657334869,,,,2081.76,0.014366895620939426,0.050581237203058446,2081.76,2017.04,2081.76,61128.6087,22437.00236,2.7244552422465405,0.8986686843161434,1.0,0.12025237651526204,2146.4800000000005,2066.6357671332566
ETH/USDT,long,volatility_breakout,2026-04-11 20:00:00,2026-04-12 00:00:00,2315.96,2240.584977,-0.1627,-3.2546,stop_loss,1,False,0.634895,2257.99,1.0,True,before_exit,True,0.45,A2,True,False,,,,,4.355954229321231,,,37.458089504022695,,,,2257.99,0.04598462081713204,0.05014731156744147,2257.99,2157.31,2257.99,89257.1086,47115.847115,1.8944179944837232,0.5942370022171255,0.39441799448372317,0.1162887452883425,2358.6699999999996,2239.2609552479885
ETH/USDT,long,volatility_breakout,2026-04-17 16:00:00,2026-04-18 08:00:00,2441.96,2354.516582,-0.179,-3.5809,stop_loss,4,False,0.799813,2385.61,4.0,True,before_exit,True,0.45,A2,True,False,,,,,1.1226480627370279,,,43.27722518373545,,,,2385.61,0.032801658660026455,0.046428882443483026,2385.61,2285.1,2385.61,220835.8864,62958.053255,3.5076670097397216,0.7296074593478248,1.0,0.025940851290043986,2486.1200000000003,2363.9713874081326
ETH/USDT,long,volatility_breakout,2026-04-22 04:00:00,2026-04-23 00:00:00,2363.63,2340.81,-0.0483,-0.9655,flip_level,5,False,0.567515,2346.78,5.0,True,before_exit,True,0.45,A2,True,False,,,,,3.7014963109522823,,,39.59987802318266,,,,2346.78,0.03505924919977343,0.040299219756100374,2346.78,2285.1,2346.78,66774.3839,43185.800545,1.5462115569774024,0.709707407678682,0.046211556977402424,0.09347241698030845,2408.4600000000005,2326.9800609884087
ETH/USDT,long,volatility_breakout,2026-04-27 00:00:00,2026-04-27 04:00:00,2369.45,2316.687344,-0.1113,-2.2268,stop_loss,1,False,0.698253,2346.78,1.0,True,before_exit,True,0.45,A2,True,False,,,,,6.422002927776834,,,24.95604553199583,,,,2346.78,0.017527139984938312,0.039097693494031555,2346.78,2300.55,2346.78,47921.6924,25837.772100000002,1.8547145711529824,0.8548742765934859,0.35471457115298244,0.25733255373104946,2393.01,2334.301977234002
ETH/USDT,long,volatility_breakout,2026-04-27 04:00:00,2026-04-27 08:00:00,2394.85,2333.950391,-0.1271,-2.5429,stop_loss,1,False,0.744166,2346.78,1.0,True,before_exit,True,0.45,A2,True,False,,,,,8.46948528419754,,,26.38132799399612,,,,2346.78,0.017527139984938312,0.039097693494031555,2346.78,2300.55,2346.78,48640.6352,24318.614664999997,2.0001400519744617,0.8548742765934859,0.5001400519744617,0.32104090006860275,2393.01,2333.5893360030022
ETH/USDT,long,volatility_breakout,2026-05-04 04:00:00,2026-05-04 08:00:00,2385.11,2327.707904,-0.1203,-2.4067,stop_loss,1,False,0.826849,2325.28,17.0,False,after_exit,True,0.45,A2,True,False,,,,,7.065805070784782,,,27.468051858852355,,,,2325.28,0.034224283372759505,0.03582042309639001,2325.28,2297.59,2325.28,114327.9965,27678.482545,4.1305731379646335,0.6913181371851804,1.0,0.25723721169208535,2352.9700000000003,2311.545974070574
ETH/USDT,long,volatility_breakout,2026-05-04 08:00:00,2026-05-07 00:00:00,2362.79,2322.39,-0.0855,-1.7098,flip_level,16,False,0.764561,2325.28,16.0,True,before_exit,True,0.45,A2,True,False,,,,,7.239298895353924,,,28.701048154648618,,,,2325.28,0.034224283372759505,0.03582042309639001,2325.28,2297.59,2325.28,69420.5189,30574.698850000004,2.270521755278057,0.6704814069954173,0.770521755278057,0.25223116787744904,2352.9700000000003,2310.929475922676
ETH/USDT,short,volatility_breakout,2026-05-07 16:00:00,2026-05-08 16:00:00,2294.82,2316.05,-0.0463,-0.9251,flip_level,6,False,0.673715,2297.59,6.0,True,before_exit,True,0.45,A2,True,False,,,,,-9.787895875828776,,,34.17482685709598,,,,2297.59,0.03351531917716474,0.03582042309639001,2398.93,2297.59,2297.59,129506.9522,63762.26958,2.031090691298445,0.4899066629057137,0.531090691298445,0.28640659736938623,2196.2500000000005,2314.6774134285483
ETH/USDT,short,volatility_breakout,2026-05-22 20:00:00,2026-05-23 20:00:00,2065.54,2122.03657,-0.1368,-2.7352,stop_loss,6,False,0.678726,2105.15,6.0,True,before_exit,True,0.45,A2,True,False,,,,,-1.3189834116416073,,,28.74430704154998,,,,2105.15,0.021153382372293562,0.029778196454203754,2157.5,2105.15,2105.15,71524.6579,35135.323865,2.0356908669696137,0.689598979416486,0.5356908669696137,0.04588677019539949,2052.8,2119.522153520775
ETH/USDT,short,volatility_breakout,2026-06-01 16:00:00,2026-06-01 20:00:00,1968.45,2006.73,-0.0972,-1.9447,flip_level,1,False,0.806221,1976.48,1.0,True,before_exit,True,0.45,A2,True,False,,,,,-2.9388927304993935,,,24.752044486208884,,,,1976.48,0.018369249483433315,0.02254086895641626,2038.0,1976.48,1976.48,90946.1743,37148.205395000005,2.448198327024459,0.7568072941633881,0.9481983270244592,0.11873333259952965,1914.96,1988.8560222431045
ETH/USDT,long,volatility_breakout,2026-06-15 00:00:00,2026-06-15 12:00:00,1725.63,1823.115578,0.2825,5.6493,take_profit,3,True,0.844731,1693.59,21.0,False,after_exit,True,0.45,A2,True,True,,,,,2.7726394976677082,,,24.447655518330983,,,,1693.59,0.02168736452560457,0.028708660366397635,1693.59,1603.44,1693.59,95319.0333,30304.72438,3.1453522594287984,0.8885953329523745,1.0,0.1134112633249748,1783.7399999999998,1681.3661722408344
ETH/USDT,long,volatility_breakout,2026-06-15 12:00:00,2026-06-16 04:00:00,1764.67,1764.67,0.0,0.0,breakeven,4,True,0.874673,1693.59,18.0,False,after_exit,True,0.45,A2,True,False,,,,,8.02823195361767,,,25.594059465660756,,,,1693.59,0.021782385971238574,0.028708660366397635,1693.59,1654.9,1693.59,86337.2957,31614.594285,2.730931636246364,0.8881072223522717,1.0,0.3136755997769347,1732.2799999999997,1680.7929702671695
ETH/USDT,long,volatility_breakout,2026-06-22 12:00:00,2026-06-22 16:00:00,1767.68,1734.59,-0.0936,-1.8719,flip_level,1,False,0.5864,1749.55,1.0,True,before_exit,True,0.45,A2,True,False,,,,,3.8238610012087015,,,26.087164438763356,,,,1749.55,0.03602889650974725,0.04024073525966087,1749.55,1671.79,1749.55,39953.9512,26534.89213,1.5057137223040975,0.81492508160579,0.005713722304097502,0.14658017011334365,1827.31,1736.5064177806182
ETH/USDT,short,volatility_breakout,2026-06-23 08:00:00,2026-06-24 16:00:00,1683.02,1567.952567,0.3418,6.837,take_profit,8,True,0.630871,1702.0,,False,never,True,0.45,A2,True,True,,,,,-3.0693790521756004,,,27.198924213054386,,,,1702.0,0.031022748958430157,0.03816903509022055,1749.55,1702.0,1702.0,51916.6503,30842.889895,1.6832615386153005,0.840640894169706,0.18326153861530048,0.11284928139556424,1654.45,1715.5994621065272
ETH/USDT,long,volatility_breakout,2026-06-29 20:00:00,2026-06-30 00:00:00,1625.6,1587.18,-0.1182,-2.3634,flip_level,1,False,0.755356,1611.02,1.0,True,before_exit,True,0.45,A2,True,False,,,,,7.05841210082013,,,31.142264324772675,,,,1611.02,0.027226795479584086,0.032201950313542525,1611.02,1548.37,1611.02,80924.4923,37429.20305,2.162068270379591,0.7792071285369967,0.6620682703795908,0.22665057451218756,1673.67,1595.4488678376135
ETH/USDT,short,volatility_breakout,2026-07-31 16:00:00,2026-08-02 00:00:00,1862.93,1877.43,-0.0389,-0.7783,flip_level,8,False,0.691965,1872.0,8.0,True,before_exit,True,0.45,A2,True,False,,,,,-4.857249136024226,,,28.344286401138138,,,,1872.0,0.032783681877354726,0.03379097140125306,1936.99,1872.0,1872.0,90384.1136,43728.95675500001,2.0669167596747067,0.6226530968645548,0.5669167596747067,0.17136607594499847,1807.01,1886.172143200569
ETH/USDT,long,volatility_breakout,2026-08-05 20:00:00,2026-08-09 20:00:00,1917.02,1910.65,-0.0166,-0.3323,time_stop,24,False,0.776547,1882.44,,False,never,True,0.45,A2,True,False,,,,,4.841380166550742,,,24.151065271950657,,,,1882.44,0.02389627544754475,0.029620381804756728,1882.44,1872.0,1882.44,74497.6757,31651.68234,2.3536719122778864,0.6652994181051908,0.8536719122778864,0.20046238590450835,1892.88,1870.3644673640247
SOL/USDT,short,volatility_breakout,2024-10-02 00:00:00,2024-10-06 00:00:00,145.12,142.69,0.0837,1.6745,time_stop,24,True,0.641591,155.09,,False,never,True,0.45,A2,True,True,,,,,-1.4251626845082088,,,3.7693344350338664,,,,155.09,0.037583001542091675,0.04251488496732815,161.43,155.09,155.09,897131.526,542791.5691,1.6528103549720372,0.7333737785727119,0.1528103549720372,0.37809398690180274,148.75,156.97466721751692
SOL/USDT,long,volatility_breakout,2024-11-21 20:00:00,2024-11-24 12:00:00,253.93,244.17,-0.1922,-3.8436,flip_level,16,False,0.6393,247.5,16.0,True,before_exit,True,0.45,A2,True,False,,,,,0.5601256270810859,,,7.600233992090631,,,,247.5,0.058653031755541506,0.06113987278061398,247.5,230.37,247.5,2057972.415,1137629.69665,1.8090002582212392,0.7549739714218534,0.3090002582212392,0.07369847134496048,264.63,243.69988300395468
SOL/USDT,short,volatility_breakout,2024-11-25 16:00:00,2024-11-28 00:00:00,244.97,244.97,0.0,0.0,breakeven,14,True,0.724605,251.47,,False,never,True,0.45,A2,True,False,,,,,-1.477157938665132,,,7.124746079059585,,,,251.47,0.06279738021789301,0.06731556093018258,264.0,251.47,251.47,1501239.747,720400.68095,2.083895513563784,0.7376607445624763,0.583895513563784,0.20732780119794897,238.94,255.0323730395298
SOL/USDT,short,volatility_breakout,2024-12-02 04:00:00,2024-12-03 20:00:00,228.46,228.46,0.0,0.0,breakeven,10,True,0.783396,234.1,11.0,False,after_exit,True,0.45,A2,True,False,,,,,-0.834682838423121,,,5.067933843280051,,,,234.1,0.05177791375868468,0.06113987278061398,245.28,234.1,234.1,1055358.25,443300.9938,2.3806809927345576,0.6926069674185025,0.8806809927345576,0.1646988426121404,222.92,236.63396692164002
SOL/USDT,short,volatility_breakout,2024-12-10 00:00:00,2024-12-11 08:00:00,216.62,224.79,-0.1886,-3.7716,flip_level,8,False,0.837968,222.95,8.0,True,before_exit,True,0.45,A2,True,False,,,,,-2.290815058418121,,,6.99922078702182,,,,222.95,0.04746369327460763,0.053723473366862826,241.0,222.95,222.95,3447378.438,692082.1381,4.98116950029114,0.6943659717018734,1.0,0.32729572735665424,204.89999999999998,226.4496103935109
SOL/USDT,long,volatility_breakout,2025-01-02 04:00:00,2025-01-03 12:00:00,198.55,217.592882,0.4795,9.591,take_profit,8,True,0.588681,194.39,,False,never,True,0.45,A2,True,True,,,,,0.4528507060579082,,,4.48462194304237,,,,194.39,0.05177191984026028,0.057616081093214,194.39,185.89,194.39,596298.24,371566.6002,1.6048219610671024,0.7366452035544692,0.1048219610671024,0.10097856894280235,202.89,192.1476890284788
SOL/USDT,short,volatility_breakout,2025-01-07 16:00:00,2025-01-08 16:00:00,207.76,191.21263,0.3982,7.9647,take_profit,6,True,0.859974,211.46,,False,never,True,0.45,A2,True,True,,,,,-1.3248015821656565,,,4.026599500095719,,,,211.46,0.039252038631102985,0.05620741375229602,219.05,211.46,211.46,1416679.796,435177.40784999996,3.2554074969082754,0.8031090679746486,1.0,0.32901250351175076,203.87,213.47329975004786
SOL/USDT,short,volatility_breakout,2025-01-13 12:00:00,2025-01-13 20:00:00,175.41,182.87,-0.2126,-4.2529,flip_level,2,False,0.815726,182.0,2.0,True,before_exit,True,0.45,A2,True,False,,,,,-0.27132429695975624,,,4.416075649687254,,,,182.0,0.03998567271124475,0.04656873370449812,191.91,182.0,182.0,1194661.187,449931.8705,2.6552046328089576,0.7825507165822316,1.0,0.061440137914976926,172.09,184.20803782484361
SOL/USDT,short,volatility_breakout,2025-02-02 00:00:00,2025-02-03 00:00:00,213.03,185.806843,0.639,12.779,take_profit,6,True,0.628508,222.63,,False,never,True,0.45,A2,True,True,,,,,-1.839773566775457,,,6.40085006122513,,,,222.63,0.07630034366654663,0.07945397970201634,244.0,222.63,222.63,940816.23,571436.21085,1.6464063917135292,0.743962819834687,0.1464063917135292,0.2874264432345291,201.26,225.83042503061256
SOL/USDT,short,volatility_breakout,2025-02-12 16:00:00,2025-02-12 20:00:00,192.01,196.78,-0.1242,-2.4842,flip_level,1,False,0.817905,193.53,1.0,True,before_exit,True,0.45,A2,True,False,,,,,-0.835175056274369,,,5.381962211713204,,,,193.53,0.0535764789234442,0.07682571360974445,203.42,193.53,193.53,1549087.937,619121.07245,2.5020759362460625,0.72314212401194,1.0,0.15518040138905273,183.64000000000001,196.2209811058566
SOL/USDT,short,volatility_breakout,2025-02-24 04:00:00,2025-02-24 20:00:00,161.02,144.424215,0.5153,10.3067,take_profit,4,True,0.644061,167.15,,False,never,True,0.45,A2,True,True,,,,,-0.61065247714551,,,4.093480446705118,,,,167.15,0.053607496948977595,0.05953488474028592,174.68,167.15,167.15,792175.34,433393.07534999994,1.8278449404394714,0.698615647980254,0.32784494043947143,0.1491768398788933,159.62,169.19674022335258
SOL/USDT,long,volatility_breakout,2025-03-14 16:00:00,2025-03-16 16:00:00,132.13,126.94,-0.1964,-3.9279,flip_level,12,False,0.835128,128.76,12.0,True,before_exit,True,0.45,A2,True,False,,,,,1.0756453381206812,,,4.285590868652015,,,,128.76,0.05051073393605755,0.07950360173420414,128.76,112.0,128.76,1615705.937,670416.3795,2.4100036729487453,0.849890143037348,0.9100036729487453,0.25099114009896456,145.51999999999998,126.61720456567399
SOL/USDT,long,volatility_breakout,2025-03-24 04:00:00,2025-03-26 16:00:00,138.16,138.16,0.0,0.0,breakeven,15,True,0.843912,130.64,,False,never,True,0.45,A2,True,False,,,,,0.7100678973799149,,,2.816222892268604,,,,130.64,0.055358432477681185,0.07875797655193705,130.64,125.21,130.64,925361.928,339030.7168,2.7294338894545853,0.780460925960958,1.0,0.2521348361059308,136.07,129.23188855386567
SOL/USDT,short,volatility_breakout,2025-04-03 04:00:00,2025-04-04 20:00:00,119.81,122.79,-0.1244,-2.4873,flip_level,10,False,0.638658,122.75,10.0,True,before_exit,True,0.45,A2,True,False,,,,,-0.3013300888301158,,,4.350371180160471,,,,122.75,0.039414350179382156,0.05434723457742023,130.55,122.75,122.75,1382064.844,762350.96915,1.8128983892300468,0.7502198345229822,0.31289838923004676,0.06926537445915149,114.94999999999999,124.92518559008023
SOL/USDT,long,volatility_breakout,2025-04-22 16:00:00,2025-04-24 08:00:00,145.31,145.31,0.0,0.0,breakeven,10,True,0.746596,141.96,,False,never,True,0.45,A2,True,False,,,,,0.21487534215438187,,,3.1885488868443828,,,,141.96,0.038868426168134164,0.06746967933142389,141.96,135.64,141.96,1380713.563,633797.3666999999,2.178477910359548,0.8343399220935082,0.6784779103595482,0.06738969662373216,148.28000000000003,140.36572555657781
SOL/USDT,short,volatility_breakout,2025-04-30 16:00:00,2025-04-30 20:00:00,142.21,147.54,-0.1874,-3.748,flip_level,1,False,0.813679,144.87,1.0,True,before_exit,True,0.45,A2,True,False,,,,,-0.5282268122277356,,,3.3292865840814434,,,,144.87,0.035635036923430057,0.045270080115170835,150.39,144.87,144.87,1056793.852,440655.2396,2.398232806579795,0.826609740618429,0.8982328065797951,0.15866066164246248,139.35000000000002,146.53464329204073
SOL/USDT,long,volatility_breakout,2025-05-08 04:00:00,2025-05-08 12:00:00,150.88,161.541504,0.3533,7.0662,take_profit,2,True,0.569921,147.73,,False,never,True,0.45,A2,True,True,,,,,0.5644372209027094,,,2.71655882793213,,,,147.73,0.038522693474720156,0.03854504493174632,147.73,142.5,147.73,586318.16,385875.17025,1.5194503435402111,0.6694588515017501,0.019450343540211135,0.2077765499127307,152.95999999999998,146.37172058603392
SOL/USDT,short,volatility_breakout,2025-05-28 16:00:00,2025-05-29 00:00:00,169.71,173.7,-0.1176,-2.3511,flip_level,2,False,0.724648,172.5,2.0,True,before_exit,True,0.45,A2,True,False,,,,,-0.5560402548062171,,,3.4892143734947165,,,,172.5,0.05153121449409419,0.05244737349283573,179.02,172.5,172.5,873313.272,411226.0591,2.1236817382422544,0.7241184253177151,0.6236817382422544,0.159359728376133,165.98,174.24460718674734
SOL/USDT,long,volatility_breakout,2025-06-09 12:00:00,2025-06-11 00:00:00,155.62,167.086032,0.3684,7.368,take_profit,9,True,0.789165,152.84,20.0,False,after_exit,True,0.45,A2,True,True,,,,,0.6995252204461919,,,2.8747009013772784,,,,152.84,0.04707050163590125,0.05241164292431074,152.84,147.88,152.84,727822.673,303446.10215,2.3985237175339345,0.6401679949506176,0.8985237175339345,0.24333843569988348,157.8,151.40264954931138
SOL/USDT,short,volatility_breakout,2025-06-20 20:00:00,2025-06-21 08:00:00,139.81,142.08,-0.0812,-1.6236,flip_level,3,False,0.801293,141.97,3.0,True,before_exit,True,0.45,A2,True,False,,,,,-0.2775380195075192,,,3.527835634896891,,,,141.97,0.0504800729200844,0.05863153780806308,158.8,141.97,141.97,1542973.264,494854.37885,3.1180349814944353,0.6974598753990493,1.0,0.07867090426837045,125.13999999999999,143.73391781744846
SOL/USDT,long,volatility_breakout,2025-06-28 20:00:00,2025-06-30 12:00:00,150.67,150.67,0.0,0.0,breakeven,10,True,0.609803,146.92,17.0,False,after_exit,True,0.45,A2,True,False,,,,,0.737520218082631,,,3.2291685485489197,,,,146.92,0.05670566437368513,0.05697250383113575,146.92,137.14,146.92,729669.414,438598.2337999999,1.6636396541731813,0.6731714440768355,0.16363965417318127,0.22839322475565665,156.7,145.30541572572554
SOL/USDT,long,volatility_breakout,2025-07-21 12:00:00,2025-07-23 12:00:00,191.39,191.39,0.0,0.0,breakeven,12,True,0.626242,184.67,16.0,False,after_exit,True,0.45,A2,True,False,,,,,0.8985358997489667,,,4.133422773400657,,,,184.67,0.050728904074716474,0.05147855376124471,184.67,173.24,184.67,1168585.825,647873.8672,1.8037242805461933,0.5885167772169762,0.30372428054619327,0.2173830137897367,196.09999999999997,182.60328861329967
SOL/USDT,long,volatility_breakout,2025-09-08 16:00:00,2025-09-12 00:00:00,215.04,229.414091,0.3342,6.6844,take_profit,20,True,0.861818,210.0,,False,never,True,0.45,A2,True,True,,,,,1.3488190689420216,,,3.6214860427229434,,,,210.0,0.03946918226968272,0.048201708605904454,210.0,200.95,210.0,1390691.079,546777.8674999999,2.5434297210283483,0.7797548786420986,1.0,0.37244905904093006,219.05,208.18925697863853
SOL/USDT,short,volatility_breakout,2025-09-22 16:00:00,2025-09-25 08:00:00,220.73,202.274351,0.4181,8.3612,take_profit,16,True,0.603152,232.23,,False,never,True,0.45,A2,True,True,,,,,-2.228016609104175,,,4.5865208607987205,,,,232.23,0.05332830163831594,0.05458626134515076,240.95,232.23,232.23,772216.741,490829.01639999996,1.573290728946399,0.5598156541138466,0.0732907289463991,0.48577487745606296,223.51,234.52326043039935
SOL/USDT,short,volatility_breakout,2025-10-07 16:00:00,2025-10-08 16:00:00,223.79,229.34,-0.124,-2.48,flip_level,6,False,0.820964,224.07,6.0,True,before_exit,True,0.45,A2,True,False,,,,,-1.1134615101596732,,,4.800647023433091,,,,224.07,0.052537819293385156,0.05393864254941728,237.0,224.07,224.07,1619389.724,523532.3891,3.0931987355813435,0.6808631863392036,1.0,0.2319398832541957,211.14,226.47032351171654
SOL/USDT,long,volatility_breakout,2025-10-21 16:00:00,2025-10-21 20:00:00,196.22,186.056426,-0.259,-5.1797,stop_loss,1,False,0.826701,188.26,1.0,True,before_exit,True,0.45,A2,True,False,,,,,0.4870497057220316,,,5.041924386126249,,,,188.26,0.05061718818468266,0.05393864254941728,188.26,183.19,188.26,1269186.523,479008.92795000004,2.6496093265561855,0.8110540719583619,1.0,0.09659996232038612,193.32999999999998,185.73903780693686
SOL/USDT,long,volatility_breakout,2025-10-21 20:00:00,2025-10-22 00:00:00,193.97,185.24,-0.225,-4.5007,flip_level,1,False,0.73666,188.26,1.0,True,before_exit,True,0.45,A2,True,False,,,,,0.6903450138768241,,,5.081786929974374,,,,188.26,0.05061718818468266,0.05393864254941728,188.26,183.19,188.26,1085050.944,512713.9335,2.116289168490093,0.8110540719583619,0.6162891684900931,0.1358469025540796,193.32999999999998,185.7191065350128
SOL/USDT,short,volatility_breakout,2025-11-03 04:00:00,2025-11-04 04:00:00,177.56,160.703973,0.4747,9.4931,take_profit,6,True,0.800401,183.79,,False,never,True,0.45,A2,True,True,,,,,-0.23468773352014516,,,4.189699546328408,,,,183.79,0.04464209699626523,0.05800517859196717,190.26,183.79,183.79,1094378.434,413535.50635,2.646395332916738,0.7099956359775168,1.0,0.0560154089631107,177.32,185.8848497731642
SOL/USDT,short,volatility_breakout,2025-11-17 20:00:00,2025-11-18 04:00:00,129.64,136.92,-0.2808,-5.6156,flip_level,2,False,0.792447,135.76,2.0,True,before_exit,True,0.45,A2,True,False,,,,,-0.022272018191253018,,,4.2011904637011686,,,,135.76,0.053456214170325304,0.06309368775293521,144.69,135.76,135.76,1876713.067,693133.35005,2.7075786598128935,0.7082604300704285,1.0,0.005301358837140603,126.82999999999998,137.86059523185057
SOL/USDT,short,volatility_breakout,2025-11-18 04:00:00,2025-11-18 08:00:00,134.52,137.88,-0.1249,-2.4978,flip_level,1,False,0.632121,135.76,1.0,True,before_exit,True,0.45,A2,True,False,,,,,-0.16239473673047122,,,4.276383614109681,,,,135.76,0.053456214170325304,0.06309368775293521,144.69,135.76,135.76,1200360.695,652692.15805,1.839091645571825,0.7082604300704285,0.3390916455718249,0.03797478228909566,126.82999999999998,137.89819180705484
SOL/USDT,short,volatility_breakout,2025-12-01 04:00:00,2025-12-02 12:00:00,126.97,132.646791,-0.2235,-4.471,stop_loss,8,False,0.827833,136.01,8.0,True,before_exit,True,0.45,A2,True,False,,,,,-0.9242594857237768,,,2.9290410988328612,,,,136.01,0.06160012387349938,0.07215857945095398,139.87,136.01,136.01,1614647.797,493604.51035,3.2711366349855724,0.6525028370684172,1.0,0.3155501935742956,132.14999999999998,137.4745205494164
SOL/USDT,short,volatility_breakout,2025-12-17 20:00:00,2025-12-18 00:00:00,122.39,123.65,-0.0515,-1.0295,flip_level,1,False,0.783705,123.63,1.0,True,before_exit,True,0.45,A2,True,False,,,,,-0.22512578312812304,,,3.3893487062420533,,,,123.63,0.06449558043560259,0.06551579160551989,130.14,123.63,123.63,1509621.617,590280.7582,2.5574637086315244,0.6187107266679426,1.0,0.06642154662738484,117.12,125.32467435312103
SOL/USDT,long,volatility_breakout,2025-12-22 16:00:00,2025-12-22 20:00:00,128.07,125.93,-0.0835,-1.671,flip_level,1,False,0.624212,127.87,1.0,True,before_exit,True,0.45,A2,True,False,,,,,0.34747381033542546,,,2.276832367038281,,,,127.87,0.019410734306329017,0.06490835486898501,127.87,123.63,127.87,599849.007,375590.78355,1.5970812737478846,0.8852463265154786,0.09708127374788456,0.1526128209374596,132.11,126.73158381648086
SOL/USDT,short,volatility_breakout,2025-12-23 16:00:00,2025-12-23 20:00:00,123.36,124.01,-0.0263,-0.5269,flip_level,1,False,0.661954,123.4,1.0,True,before_exit,True,0.45,A2,True,False,,,,,-0.19577440715081068,,,2.2831242284666255,,,,123.4,0.02285616387238944,0.04820233864440512,127.87,123.4,123.4,625019.38,339931.0691,1.8386650612866853,0.8221290415606082,0.3386650612866853,0.08574846901007012,118.93,124.54156211423332
SOL/USDT,short,volatility_breakout,2026-01-19 00:00:00,2026-01-20 12:00:00,137.87,128.037735,0.3566,7.1315,take_profit,9,True,0.732304,140.26,,False,never,True,0.45,A2,True,True,,,,,-0.5719083086306272,,,2.0417636348802146,,,,140.26,0.030347518560482845,0.04039814595289667,144.4,140.26,140.26,566350.128,263079.1635,2.152774550691469,0.6354719540110318,0.6527745506914688,0.2801050517604011,136.11999999999998,141.2808818174401
SOL/USDT,short,volatility_breakout,2026-01-25 20:00:00,2026-01-26 00:00:00,117.96,122.096638,-0.1753,-3.5068,stop_loss,1,False,0.827171,125.28,11.0,False,after_exit,True,0.45,A2,True,False,,,,,-0.3846758951162972,,,2.068189848646507,,,,125.28,0.031219328302543186,0.039877235625951406,130.2,125.28,125.28,2305430.152,356256.09995,6.471272077372326,0.746356924067598,1.0,0.18599641390177116,120.36000000000001,126.31409492432326
SOL/USDT,short,volatility_breakout,2026-01-26 00:00:00,2026-01-26 04:00:00,118.85,123.296878,-0.1871,-3.7416,stop_loss,1,False,0.844258,125.28,10.0,False,after_exit,True,0.45,A2,True,False,,,,,-0.6203126970964106,,,2.068319145171757,,,,125.28,0.031219328302543186,0.039877235625951406,130.2,125.28,125.28,1531794.552,401648.99464999995,3.813764188143475,0.746356924067598,1.0,0.29991149989809657,120.36000000000001,126.31415957258588
SOL/USDT,short,volatility_breakout,2026-02-23 04:00:00,2026-02-25 00:00:00,77.66,81.216347,-0.229,-4.5794,stop_loss,11,False,0.852349,82.55,13.0,False,after_exit,True,0.45,A2,True,False,,,,,-0.5694987365174184,,,1.7195711937541005,,,,82.55,0.0572696729017103,0.07034715976798954,86.09,82.55,82.55,1532442.0,460958.97510000004,3.3244650452191618,0.7633568607477561,1.0,0.3311864833430427,79.00999999999999,83.40978559687704
SOL/USDT,long,volatility_breakout,2026-03-04 12:00:00,2026-03-05 16:00:00,89.76,88.73,-0.0574,-1.1475,flip_level,7,False,0.702275,88.9,7.0,True,before_exit,True,0.45,A2,True,False,,,,,0.2786865688418594,,,2.848898505238597,,,,88.9,0.07322567080319259,0.07331092673909266,88.9,82.5,88.9,1680856.748,775957.70675,2.1661705700946694,0.6052927193271047,0.6661705700946694,0.09782256838192248,95.30000000000001,87.47555074738071
SOL/USDT,long,volatility_breakout,2026-03-13 04:00:00,2026-03-14 04:00:00,89.7,87.33,-0.1321,-2.6421,flip_level,6,False,0.804013,88.09,6.0,True,before_exit,True,0.45,A2,True,False,,,,,0.2831821119870551,,,2.0629262491628877,,,,88.09,0.04104940153819311,0.06688582604591371,88.09,84.36,88.09,1419913.112,586321.99595,2.421729223546112,0.7649477709063233,0.9217292235461119,0.13727204843215662,91.82000000000001,87.05853687541855
SOL/USDT,long,volatility_breakout,2026-03-16 00:00:00,2026-03-18 08:00:00,92.31,92.31,0.0,0.0,breakeven,14,True,0.813012,88.8,21.0,False,after_exit,True,0.45,A2,True,False,,,,,0.19772824250767163,,,1.7650647140194249,,,,88.8,0.04697017718203313,0.05927538572333406,88.8,86.51,88.8,1343328.285,492665.80165,2.7266521859260857,0.7310449255322369,1.0,0.11202322551528589,91.08999999999999,87.91746764299029
SOL/USDT,short,volatility_breakout,2026-03-23 08:00:00,2026-03-23 12:00:00,86.0,89.964838,-0.2305,-4.6103,stop_loss,1,False,0.569847,87.0,1.0,True,before_exit,True,0.45,A2,True,False,,,,,-0.2608179235696042,,,1.6164511476557335,,,,87.0,0.04449371840609149,0.04854122711254724,90.81,87.0,87.0,494882.939,319752.0714,1.547708312985146,0.6685852541611106,0.047708312985146106,0.16135218435017767,83.19,87.80822557382787
SOL/USDT,long,volatility_breakout,2026-04-06 00:00:00,2026-04-06 20:00:00,81.89,80.03,-0.1136,-2.2713,flip_level,5,False,0.630371,80.91,5.0,True,before_exit,True,0.45,A2,True,False,,,,,0.19469719034158478,,,1.329973978432361,,,,80.91,0.03145155004471682,0.040049282709727234,80.91,78.96,80.91,539599.635,314415.058,1.716201629885042,0.7718081690415333,0.216201629885042,0.14639172908561277,82.86,80.24501301078382
SOL/USDT,long,volatility_breakout,2026-04-22 04:00:00,2026-04-22 20:00:00,87.25,86.87,-0.0218,-0.4355,flip_level,4,False,0.547784,87.12,4.0,True,before_exit,True,0.45,A2,True,False,,,,,0.14078908334731685,,,1.4387237084932591,,,,87.12,0.03239381536797925,0.04078213709989795,87.12,83.8,87.12,584800.391,388750.005,1.5043096681117727,0.6601426284004883,0.004309668111772691,0.0978569286904724,90.44000000000001,86.40063814575338
SOL/USDT,long,volatility_breakout,2026-04-27 04:00:00,2026-04-27 08:00:00,87.72,85.591973,-0.1213,-2.4259,stop_loss,1,False,0.835803,86.94,1.0,True,before_exit,True,0.45,A2,True,False,,,,,0.1345556846212632,,,0.9473992294610686,,,,86.94,0.016333193099074494,0.03534444408116642,86.94,85.53,86.94,801807.898,272080.9722,2.9469458724611246,0.8224969990148846,1.0,0.14202638173751278,88.35,86.46630038526946
SOL/USDT,short,volatility_breakout,2026-04-27 12:00:00,2026-04-29 08:00:00,85.26,85.26,0.0,0.0,breakeven,11,True,0.573341,85.53,,False,never,True,0.45,A2,True,False,,,,,-0.07725312033374979,,,1.0294411723414314,,,,85.53,0.017899593832769407,0.034415554427731865,86.94,85.53,85.53,450659.713,299649.35384999996,1.503956898987987,0.8054739448398937,0.003956898987987012,0.07504374451824188,84.12,86.04472058617071
SOL/USDT,long,volatility_breakout,2026-05-04 04:00:00,2026-05-04 08:00:00,85.4,83.584166,-0.1063,-2.1263,stop_loss,1,False,0.836352,84.86,1.0,True,before_exit,True,0.45,A2,True,False,,,,,0.15051699173062819,,,0.8708339361900883,,,,84.86,0.016632045008987413,0.021058312356400304,84.86,82.98,84.86,948697.547,258380.24570000003,3.671710832342474,0.8021289102036921,1.0,0.17284235888778327,86.74,84.42458303190496
SOL/USDT,long,volatility_breakout,2026-05-04 08:00:00,2026-05-04 12:00:00,84.87,84.47,-0.0236,-0.4713,flip_level,1,False,0.720494,84.86,1.0,True,before_exit,True,0.45,A2,True,False,,,,,0.15701890089739143,,,0.907917226462225,,,,84.86,0.016632045008987413,0.020499726933871823,84.86,82.98,84.86,571740.248,280745.63875000004,2.036506250090412,0.8021289102036921,0.5365062500904121,0.1729440705836463,86.74,84.40604138676889
SOL/USDT,short,volatility_breakout,2026-05-28 04:00:00,2026-06-01 04:00:00,80.7,80.74,-0.0025,-0.0496,time_stop,24,False,0.594213,83.7,,False,never,True,0.45,A2,True,False,,,,,-0.2935927780815175,,,1.4016017996460592,,,,83.7,0.03705604751173547,0.04084222854279503,86.52,83.7,83.7,598957.898,365479.87165,1.6388259503757,0.6404306446424136,0.1388259503756999,0.2094694642627152,80.88000000000001,84.40080089982304
SOL/USDT,long,volatility_breakout,2026-06-29 20:00:00,2026-06-30 08:00:00,75.98,73.4,-0.1698,-3.3956,flip_level,3,False,0.599502,73.93,3.0,True,before_exit,True,0.45,A2,True,False,,,,,0.35943961514596623,,,1.9647255740990772,,,,73.93,0.057254500990211454,0.068658577592442,73.93,69.74,73.93,823136.545,476620.30125,1.7270278727977284,0.5765164688781738,0.2270278727977284,0.18294647348436277,78.12000000000002,72.94763721295047
SOL/USDT,long,volatility_breakout,2026-08-08 16:00:00,2026-08-11 12:00:00,76.4,74.664412,-0.1136,-2.2717,stop_loss,17,False,0.631267,74.33,,False,never,True,0.45,A2,True,False,,,,,0.3027871188912563,,,0.8937780713018568,,,,74.33,0.02702007253142705,0.027089971466030895,74.33,72.34,74.33,432143.959,246880.57064999998,1.7504170452224286,0.5892323831018605,0.2504170452224286,0.338772150059828,76.32,73.88311096434907
SOL/USDT,long,volatility_breakout,2026-08-17 16:00:00,2026-08-18 00:00:00,76.11,75.5,-0.0401,-0.8015,flip_level,2,False,0.695404,75.74,2.0,True,before_exit,True,0.45,A2,True,False,,,,,0.07654102075563979,,,0.6839347855651224,,,,75.74,0.013758441135727073,0.01943323815772966,75.74,74.69,75.74,301349.332,151890.1251,1.9839955481082159,0.7880911285414005,0.4839955481082159,0.11191274719620437,76.78999999999999,75.39803260721743
SOL/USDT,long,volatility_breakout,2026-08-18 16:00:00,2026-08-19 12:00:00,77.2,80.056721,0.185,3.7004,take_profit,5,True,0.794727,75.74,,False,never,True,0.45,A2,True,True,,,,,0.15717000298370415,,,0.7260402644171978,,,,75.74,0.016583847424292752,0.018770072319110747,75.74,74.69,75.74,405109.756,171903.16435,2.356616049109977,0.7405061598856546,0.8566160491099768,0.2164756015423836,76.78999999999999,75.37697986779139
EUR/USD,long,volatility_breakout,2024-10-30 12:00:00,2024-11-05 07:00:00,1.0885,1.09205,0.0163,0.3261,time_stop,24,True,0.815743,1.08495,,False,never,True,0.45,A2,True,True,,,,,0.0005058339924713189,,,0.002226393785130667,,,,1.0849499702453613,0.003962064061960879,0.00452816512127044,1.0849499702453613,1.0790499448776245,1.0849499702453613,88521.0,31221.5,2.835257755072626,0.6583147357482904,1.0,0.22719879827621395,1.0908499956130981,1.083836773352796
EUR/USD,long,volatility_breakout,2024-12-05 11:00:00,2024-12-10 03:00:00,1.0576,1.0534,-0.0199,-0.3971,flip_level,17,False,0.772879,1.05395,17.0,True,before_exit,True,0.45,A2,True,False,,,,,0.0005425435732748106,,,0.0033199328652330218,,,,1.0539499521255493,0.005759680363093551,0.008698497241799604,1.0539499521255493,1.047700047492981,1.0539499521255493,94526.0,41297.5,2.2889036866638417,0.7557006829707447,0.7889036866638417,0.16342004350643102,1.0601998567581177,1.0522899856929329
EUR/USD,short,volatility_breakout,2024-12-10 07:00:00,2024-12-13 03:00:00,1.0534,1.0534,0.0,0.0,breakeven,17,True,0.811218,1.0535,19.0,False,after_exit,True,0.45,A2,True,False,,,,,-0.0004960117548110894,,,0.0028599792095531794,,,,1.0535000562667847,0.006445348596727651,0.008296798036950733,1.063349962234497,1.0535000562667847,1.0535000562667847,116411.0,43524.4,2.674614698881547,0.6760151595502775,1.0,0.1734319442443018,1.0436501502990723,1.0549300458715614
EUR/USD,long,volatility_breakout,2024-12-30 07:00:00,2024-12-30 11:00:00,1.0483,1.043129,-0.0247,-0.4933,stop_loss,1,False,0.754502,1.0482,1.0,True,before_exit,True,0.45,A2,True,False,,,,,0.0003580442833657036,,,0.0021152523636881362,,,,1.048200011253357,0.005301407569055551,0.006142872013436701,1.048200011253357,1.0422999858856201,1.048200011253357,31653.0,14106.65,2.2438353542478193,0.7157649346460639,0.7438353542478193,0.1692678800469087,1.0541000366210938,1.047142385071513
EUR/USD,short,volatility_breakout,2024-12-31 11:00:00,2025-01-02 11:00:00,1.03895,1.028582,0.0499,0.998,take_profit,5,True,0.722605,1.0423,16.0,False,after_exit,True,0.45,A2,True,True,,,,,-0.00045263276200298844,,,0.0026337623717590393,,,,1.0422999858856201,0.005802495470806275,0.006026439927007827,1.048200011253357,1.0422999858856201,1.0422999858856201,47861.0,22404.9,2.1361844953559266,0.6888990974798117,0.6361844953559266,0.17185785887763433,1.0363999605178833,1.0436168670714996
EUR/USD,long,volatility_breakout,2025-01-21 11:00:00,2025-01-27 07:00:00,1.04265,1.0523,0.0463,0.9255,time_stop,24,True,0.820545,1.0357,,False,never,True,0.45,A2,True,True,,,,,0.0010254389791449234,,,0.0032595895987134003,,,,1.0356999635696411,0.0041011856709981635,0.005801218354729827,1.0356999635696411,1.029099941253662,1.0356999635696411,65846.0,28035.95,2.348627387336616,0.8059963817377968,0.8486273873366161,0.31459143799872125,1.0422999858856201,1.0340701687702845
EUR/USD,short,volatility_breakout,2025-01-31 07:00:00,2025-02-02 15:00:00,1.0397,1.026239,0.0647,1.2947,take_profit,3,True,0.570096,1.04045,17.0,False,after_exit,True,0.45,A2,True,True,,,,,-0.0005032181118032859,,,0.00331263210909362,,,,1.0404499769210815,0.005805910015244824,0.0075945914550256365,1.04830002784729,1.0404499769210815,1.0404499769210815,50196.0,33251.45,1.5095883036679605,0.7245610965840863,0.009588303667960485,0.15190884324941625,1.032599925994873,1.0421062929756284
EUR/USD,short,volatility_breakout,2025-02-27 11:00:00,2025-03-03 07:00:00,1.0423,1.047972,-0.0272,-0.5442,stop_loss,12,False,0.837978,1.04635,12.0,True,before_exit,True,0.45,A2,True,False,,,,,-0.0007879861470777702,,,0.002919473671738061,,,,1.0463500022888184,0.006285380918851162,0.007369396926593438,1.0516999959945679,1.0463500022888184,1.0463500022888184,138070.0,36164.85,3.8177954560851215,0.7374603586653214,1.0,0.26990692010887546,1.0410000085830688,1.0478097391246874
EUR/USD,short,volatility_breakout,2025-03-26 16:00:00,2025-03-27 04:00:00,1.08015,1.0835,-0.0155,-0.3101,flip_level,3,False,0.744481,1.0827,3.0,True,before_exit,True,0.45,A2,True,False,,,,,-0.00019789302432212546,,,0.002828063931387959,,,,1.0827000141143799,0.006418451215573875,0.0082127805192625,1.0880500078201294,1.0827000141143799,1.0827000141143799,55233.0,25443.9,2.1707757065544198,0.8314547845304217,0.6707757065544198,0.06997473505664471,1.0773500204086304,1.0841140460800738
EUR/USD,long,volatility_breakout,2025-04-02 12:00:00,2025-04-02 16:00:00,1.09135,1.085536,-0.0266,-0.5328,stop_loss,1,False,0.796258,1.0869,,False,never,True,0.45,A2,True,False,,,,,0.0003410161760681522,,,0.0029654690341993106,,,,1.086899995803833,0.006703193709066277,0.006874536576423371,1.086899995803833,1.0827000141143799,1.086899995803833,85228.0,31969.3,2.665932629116058,0.6450440174072022,1.0,0.11499569617331312,1.0910999774932861,1.0854172612867334
EUR/USD,long,volatility_breakout,2025-04-02 20:00:00,2025-04-03 04:00:00,1.0948,1.109418,0.0668,1.3352,take_profit,2,True,0.722837,1.0869,,False,never,True,0.45,A2,True,True,,,,,0.0009269440143580485,,,0.0035817067097779366,,,,1.086899995803833,0.006703193709066277,0.006874536576423371,1.086899995803833,1.0827000141143799,1.086899995803833,65128.0,30534.4,2.13293858729826,0.628914325523332,0.63293858729826,0.258799530354488,1.0910999774932861,1.085109142448944
EUR/USD,long,volatility_breakout,2025-06-11 12:00:00,2025-06-12 08:00:00,1.1493,1.162267,0.0564,1.1282,take_profit,5,True,0.817535,1.14525,,False,never,True,0.45,A2,True,True,,,,,0.0004100333315478795,,,0.0033332984269593643,,,,1.1452499628067017,0.004444082498649036,0.006057916756134231,1.1452499628067017,1.1377500295639038,1.1452499628067017,461410.0,76895.3,6.000496779387037,0.7454187174227238,1.0,0.12301128762776635,1.1527498960494995,1.143583313593222
EUR/USD,short,volatility_breakout,2025-07-14 12:00:00,2025-07-15 00:00:00,1.1721,1.1739,-0.0077,-0.1536,flip_level,3,False,0.621277,1.1737,3.0,True,before_exit,True,0.45,A2,True,False,,,,,-8.682927559461491e-05,,,0.002618841345882258,,,,1.173699975013733,0.005976325045889381,0.006399263459131929,1.1764500141143799,1.173699975013733,1.173699975013733,39245.0,21178.95,1.8530191534518945,0.6402450202379695,0.3530191534518945,0.03315560743347097,1.170949935913086,1.175009395686674
EUR/USD,short,volatility_breakout,2025-07-28 08:00:00,2025-07-30 08:00:00,1.16895,1.155055,0.0594,1.1887,take_profit,12,True,0.632329,1.1753,,False,never,True,0.45,A2,True,True,,,,,-0.001302867926189555,,,0.0032986575881454963,,,,1.1753000020980835,0.005139145704502244,0.006086480841211982,1.180400013923645,1.1753000020980835,1.1753000020980835,45289.0,26723.8,1.6947065911285073,0.622035507942895,0.1947065911285073,0.39496913255613986,1.170199990272522,1.1769493308921561
EUR/USD,short,volatility_breakout,2025-08-11 12:00:00,2025-08-11 16:00:00,1.1634,1.1643,-0.0039,-0.0774,flip_level,1,False,0.700388,1.16395,1.0,True,before_exit,True,0.45,A2,True,False,,,,,-0.0008177302346737707,,,0.0031964855367778867,,,,1.163949966430664,0.0058987329559617874,0.007072642856261353,1.172700047492981,1.163949966430664,1.163949966430664,43576.0,22570.5,1.9306617044372079,0.7717476041390631,0.43066170443720786,0.2558216595273749,1.1551998853683472,1.165548209199053
EUR/USD,short,volatility_breakout,2025-08-21 12:00:00,2025-08-22 08:00:00,1.16225,1.167138,-0.021,-0.4205,stop_loss,5,False,0.829403,1.16545,5.0,True,before_exit,True,0.45,A2,True,False,,,,,-0.0003564232775863901,,,0.0024972414516766478,,,,1.1654499769210815,0.005427834620325467,0.006836315145983322,1.169450044631958,1.1654499769210815,1.1654499769210815,68051.0,18622.4,3.6542550906435256,0.7899690890101972,1.0,0.1427267985428832,1.161449909210205,1.16669859764692
EUR/USD,long,volatility_breakout,2025-09-05 12:00:00,2025-09-05 16:00:00,1.1765,1.17225,-0.0181,-0.3612,flip_level,1,False,0.831233,1.17255,1.0,True,before_exit,True,0.45,A2,True,False,,,,,0.0008712128482145424,,,0.0027569627182010333,,,,1.1725499629974365,0.005009394988452881,0.006975367506375334,1.1725499629974365,1.1636500358581543,1.1725499629974365,139395.0,32731.35,4.258761096013455,0.669160517159757,1.0,0.31600458086100786,1.1814498901367188,1.171171481638336
EUR/USD,short,volatility_breakout,2025-10-02 12:00:00,2025-10-03 08:00:00,1.1744,1.180075,-0.0242,-0.4833,stop_loss,5,False,0.800867,1.17835,5.0,True,before_exit,True,0.45,A2,True,False,,,,,-0.00011292142603878196,,,0.0028137111274344298,,,,1.1783499717712402,0.002407534811154448,0.007340477529807735,1.1829500198364258,1.1783499717712402,1.1783499717712402,68087.0,28480.3,2.3906700420992757,0.8608970514567694,0.8906700420992757,0.040132558363141155,1.1737499237060547,1.1797568273349575
EUR/USD,long,volatility_breakout,2025-11-11 11:00:00,2025-11-11 15:00:00,1.1617,1.16075,-0.0041,-0.0818,flip_level,1,False,0.788948,1.1613,1.0,True,before_exit,True,0.45,A2,True,False,,,,,0.000335785099781129,,,0.0021362496187614095,,,,1.1612999439239502,0.004431440940576184,0.004757006225652972,1.1612999439239502,1.156350016593933,1.1612999439239502,53222.0,21960.1,2.423577306114271,0.6723809573354891,0.9235773061142711,0.15718439307472695,1.1662498712539673,1.1602318191145695
EUR/USD,long,volatility_breakout,2025-11-12 11:00:00,2025-11-12 15:00:00,1.1615,1.16105,-0.0019,-0.0387,flip_level,1,False,0.714689,1.1613,1.0,True,before_exit,True,0.45,A2,True,False,,,,,0.00016700813952778533,,,0.0020632368092946283,,,,1.1612999439239502,0.004632794938888355,0.004682047387969071,1.1612999439239502,1.156350016593933,1.1612999439239502,45714.0,20929.45,2.1841949979574236,0.6574947374696936,0.6841949979574236,0.08094472664283334,1.1662498712539673,1.160268325519303
EUR/USD,long,volatility_breakout,2025-11-25 11:00:00,2025-12-02 15:00:00,1.15745,1.16355,0.0264,0.527,time_stop,24,True,0.813386,1.15635,,False,never,True,0.45,A2,True,True,,,,,0.0005468836893069418,,,0.0023801468826384975,,,,1.156350016593933,0.00415645033694377,0.0049784842745315945,1.156350016593933,1.1511000394821167,1.156350016593933,88011.0,28171.8,3.1240815283368475,0.6446028712706549,1.0,0.22976888245682434,1.1615999937057495,1.1551599431526138
EUR/USD,long,volatility_breakout,2025-12-03 07:00:00,2025-12-04 11:00:00,1.1673,1.16585,-0.0062,-0.1242,flip_level,7,False,0.654094,1.16615,7.0,True,before_exit,True,0.45,A2,True,False,,,,,0.00027237645027375227,,,0.002073894769095498,,,,1.1661499738693237,0.0034334267792786198,0.004612659539057138,1.1661499738693237,1.1559499502182007,1.1661499738693237,36003.0,18969.05,1.8979864568863491,0.6744864897560147,0.39798645688634915,0.13133571400662034,1.1763499975204468,1.165113026484776
EUR/USD,short,volatility_breakout,2025-12-08 11:00:00,2025-12-08 15:00:00,1.16295,1.1644,-0.0062,-0.1247,flip_level,1,False,0.807421,1.1633,1.0,True,before_exit,True,0.45,A2,True,False,,,,,-0.00044507600930053016,,,0.0019289780153671754,,,,1.1633000373840332,0.00407085211436649,0.0043663255433488155,1.1661499738693237,1.1633000373840332,1.1633000373840332,75832.0,28179.4,2.6910438121464613,0.6140539913567052,1.0,0.23073150951168886,1.1604501008987427,1.1642645263917168
EUR/USD,long,volatility_breakout,2025-12-10 15:00:00,2025-12-12 03:00:00,1.1681,1.176824,0.0373,0.7468,take_profit,9,True,0.80351,1.16615,,False,never,True,0.45,A2,True,True,,,,,0.0001874903135598541,,,0.002137121603576946,,,,1.1661499738693237,0.0031458596367872306,0.0041368701723234905,1.1661499738693237,1.1633000373840332,1.1661499738693237,165844.0,54436.8,3.046542045087147,0.7017499195597723,1.0,0.08773029725872761,1.1689999103546143,1.1650814130675353
EUR/USD,long,volatility_breakout,2026-02-09 11:00:00,2026-02-11 07:00:00,1.1932,1.187635,-0.0233,-0.4664,stop_loss,11,False,0.874771,1.18605,,False,never,True,0.45,A2,True,False,,,,,0.001371155621761784,,,0.0027732722399499304,,,,1.1860500574111938,0.005345177495223534,0.005444364895889179,1.1860500574111938,1.179900050163269,1.1860500574111938,78180.0,26918.95,2.904273755105604,0.7530438373918691,1.0,0.494417966620738,1.1922000646591187,1.1846634212912188
EUR/USD,short,volatility_breakout,2026-03-02 03:00:00,2026-03-03 03:00:00,1.17235,1.159813,0.0535,1.0694,take_profit,6,True,0.587829,1.17825,,False,never,True,0.45,A2,True,True,,,,,-0.0006869066149327043,,,0.0029907909247418978,,,,1.1782499551773071,0.004316626052380607,0.004906424878619634,1.1837999820709229,1.1782499551773071,1.1782499551773071,34629.0,22795.15,1.5191389396428625,0.7429642744067524,0.019138939642862507,0.22967389972001592,1.1726999282836914,1.179745350639678
EUR/USD,long,volatility_breakout,2026-04-08 08:00:00,2026-04-14 04:00:00,1.17375,1.18335,0.0409,0.8179,time_stop,24,True,0.677717,1.1666,,False,never,True,0.45,A2,True,True,,,,,0.0017612197197966373,,,0.003544655470922636,,,,1.166599988937378,0.007248160684410919,0.008702758983611732,1.166599988937378,1.1542500257492065,1.166599988937378,48363.0,26089.85,1.8537093927331894,0.5737988219426986,0.35370939273318935,0.4968662636592466,1.1789499521255493,1.1648276612019166
EUR/USD,short,volatility_breakout,2026-04-17 16:00:00,2026-04-20 08:00:00,1.1801,1.1815,-0.0059,-0.1186,flip_level,2,False,0.641187,1.1806,2.0,True,before_exit,True,0.45,A2,True,False,,,,,-0.000612273705729611,,,0.002402988322395371,,,,1.1806000471115112,0.003110328530330547,0.007086373415336556,1.1845500469207764,1.1806000471115112,1.1806000471115112,45293.0,27501.2,1.6469463150698878,0.8311552369430077,0.14694631506988776,0.2547967878259509,1.176650047302246,1.181801541272709
EUR/USD,short,volatility_breakout,2026-04-21 12:00:00,2026-04-27 08:00:00,1.1782,1.1782,0.0,0.0,breakeven,24,True,0.715095,1.1806,,False,never,True,0.45,A2,True,False,,,,,-0.0006228732500548382,,,0.0021856715347172415,,,,1.1806000471115112,0.0039040192431895747,0.0042780328485106465,1.1845500469207764,1.1806000471115112,1.1806000471115112,51255.0,26164.7,1.9589370411279319,0.7880695889008776,0.4589370411279319,0.28498026357625544,1.176650047302246,1.1816928828788698
EUR/USD,short,volatility_breakout,2026-06-17 16:00:00,2026-06-23 04:00:00,1.15345,1.142824,0.0461,0.9212,take_profit,17,True,0.847214,1.1616,,False,never,True,0.45,A2,True,True,,,,,-0.0009944207390141535,,,0.0026954153733136426,,,,1.1615999937057495,0.00427746921450867,0.004401350123022967,1.1661499738693237,1.1615999937057495,1.1615999937057495,133460.0,25269.4,5.281486699328041,0.7093708887804471,1.0,0.36893042492061245,1.1570500135421753,1.1629477013924063
EUR/USD,short,volatility_breakout,2026-07-08 08:00:00,2026-07-08 12:00:00,1.143,1.1459,-0.0127,-0.2537,flip_level,1,False,0.781636,1.14415,1.0,True,before_exit,True,0.45,A2,True,False,,,,,-0.0003515047150047859,,,0.0020479460873984658,,,,1.1441500186920166,0.004264467490109678,0.004681474709406549,1.1470999717712402,1.1441500186920166,1.1441500186920166,50965.0,21962.55,2.32054110292293,0.7537752237831514,0.8205411029229301,0.17163767990167514,1.141200065612793,1.1451739917357158
EUR/USD,short,volatility_breakout,2026-07-08 12:00:00,2026-07-08 16:00:00,1.1427,1.1452,-0.0109,-0.2188,flip_level,1,False,0.832116,1.14415,1.0,True,before_exit,True,0.45,A2,True,False,,,,,-0.0004319325474335269,,,0.002065951654912345,,,,1.1441500186920166,0.004264467490109678,0.004681474709406549,1.1472500562667847,1.1441500186920166,1.1441500186920166,59468.0,18959.95,3.1365061616723673,0.7537752237831514,1.0,0.20907195306651696,1.1410499811172485,1.1451829945194727
EUR/USD,long,volatility_breakout,2026-07-29 16:00:00,2026-07-31 16:00:00,1.14695,1.156398,0.0412,0.8238,take_profit,12,True,0.777547,1.14285,,False,never,True,0.45,A2,True,True,,,,,0.0005878691369780675,,,0.0023361086012092555,,,,1.1428500413894653,0.00417798748659305,0.004329541172985949,1.1428500413894653,1.1389000415802002,1.1428500413894653,107534.0,23709.15,4.535548511861454,0.44900067424675527,1.0,0.2516446096186474,1.1468000411987305,1.1416819870888606
EUR/USD,short,volatility_breakout,2026-08-27 08:00:00,2026-08-28 08:00:00,1.16485,1.16485,0.0,0.0,breakeven,6,True,0.63344,1.16605,,False,never,True,0.45,A2,True,False,,,,,-0.00043457882696305644,,,0.0013701484318302077,,,,1.1660499572753906,0.002933954384631618,0.0033747077785801637,1.1689499616622925,1.1660499572753906,1.1660499572753906,28592.0,18026.85,1.5860785439497196,0.8217170832668947,0.08607854394971959,0.3171764583071906,1.1631499528884888,1.1667350314913056
GBP/USD,long,volatility_breakout,2024-11-27 11:00:00,2024-12-04 15:00:00,1.2676,1.2701,0.0099,0.1972,time_stop,24,False,0.833589,1.2613,,False,never,True,0.45,A2,True,True,,,,,0.0014484081243900614,,,0.003889473413679745,,,,1.261299967765808,0.007480407807547753,0.008407634494880006,1.261299967765808,1.250599980354309,1.261299967765808,50761.0,17994.7,2.8208861498107773,0.638649480352633,1.0,0.3723918305485355,1.2719999551773071,1.2593552310589682
GBP/USD,long,volatility_breakout,2024-12-05 11:00:00,2024-12-08 19:00:00,1.2756,1.2723,-0.0129,-0.2587,flip_level,9,False,0.703358,1.2734,9.0,True,before_exit,True,0.45,A2,True,False,,,,,0.0005774613968415289,,,0.003594679893628657,,,,1.2733999490737915,0.0072934651601561495,0.007648973290702626,1.2733999490737915,1.2630000114440918,1.2733999490737915,36824.0,17544.4,2.0989033537767035,0.6476799803624119,0.5989033537767035,0.16064334347685386,1.2837998867034912,1.2716026091269772
GBP/USD,short,volatility_breakout,2024-12-12 11:00:00,2024-12-16 11:00:00,1.2689,1.2689,0.0,0.0,breakeven,13,True,0.826287,1.2717,,False,never,True,0.45,A2,True,False,,,,,-0.000682362845867495,,,0.0033146747036177163,,,,1.2717000246047974,0.005057846987124161,0.005538538050181389,1.2799999713897705,1.2717000246047974,1.2717000246047974,77299.0,26197.2,2.9506588490373016,0.727039344480235,1.0,0.2058611800194896,1.2634000778198242,1.2733573619566063
GBP/USD,long,volatility_breakout,2025-02-20 15:00:00,2025-02-24 07:00:00,1.2668,1.262,-0.0189,-0.3789,flip_level,11,False,0.657451,1.263,11.0,True,before_exit,True,0.45,A2,True,False,,,,,6.0926792424679035e-06,,,0.0030466425430117163,,,,1.2630000114440918,0.004231482788792392,0.005942781846342262,1.2630000114440918,1.2562999725341797,1.2630000114440918,21359.0,11297.55,1.8905868971591187,0.7975204585651104,0.39058689715911865,0.00199980114386674,1.269700050354004,1.261476690172586
GBP/USD,long,volatility_breakout,2025-02-26 11:00:00,2025-02-26 19:00:00,1.2695,1.2656,-0.0154,-0.3072,flip_level,2,False,0.782933,1.2678,2.0,True,before_exit,True,0.45,A2,True,False,,,,,0.00010242828490541643,,,0.003079982104851067,,,,1.267799973487854,0.005475288907549563,0.00561443707036134,1.267799973487854,1.2624000310897827,1.267799973487854,32146.0,13241.1,2.427743918556615,0.7300421546422595,0.9277439185566152,0.033256129879484925,1.2731999158859253,1.2662599824354284
GBP/USD,short,volatility_breakout,2025-03-21 12:00:00,2025-03-24 04:00:00,1.2892,1.295247,-0.0235,-0.469,stop_loss,5,False,0.854892,1.295,24.0,False,after_exit,True,0.45,A2,True,False,,,,,-0.000998168022955602,,,0.002948160692399782,,,,1.2949999570846558,0.004825639343937551,0.005259333832008131,1.2999999523162842,1.2949999570846558,1.2949999570846558,35759.0,14414.25,2.4808089217267635,0.7945205999020379,0.9808089217267635,0.3385731400356947,1.2899999618530273,1.2964740374308557
GBP/USD,short,volatility_breakout,2025-03-26 12:00:00,2025-03-26 20:00:00,1.2885,1.291,-0.0097,-0.194,flip_level,2,False,0.823657,1.2895,2.0,True,before_exit,True,0.45,A2,True,False,,,,,-0.00028549993244707966,,,0.0028450476400349164,,,,1.2894999980926514,0.004860795170072242,0.004881267023875373,1.2965999841690063,1.2894999980926514,1.2894999980926514,40722.0,14843.95,2.7433398792100485,0.7930236380386985,1.0,0.10034978972920672,1.2824000120162964,1.2909225219126688
GBP/USD,long,volatility_breakout,2025-04-28 12:00:00,2025-04-30 08:00:00,1.3395,1.331559,-0.0296,-0.5928,stop_loss,11,False,0.833059,1.3351,11.0,True,before_exit,True,0.45,A2,True,False,,,,,0.00046858787509001924,,,0.003883692209336905,,,,1.3351000547409058,0.006398404975444387,0.006611797273379566,1.3351000547409058,1.3277000188827515,1.3351000547409058,36199.0,13247.05,2.7326083920570996,0.8248055158895596,1.0,0.12065525531695653,1.34250009059906,1.3331582086362372
GBP/USD,long,volatility_breakout,2025-05-06 08:00:00,2025-05-07 12:00:00,1.3373,1.329739,-0.0283,-0.5654,stop_loss,7,False,0.819759,1.3334,7.0,True,before_exit,True,0.45,A2,True,False,,,,,0.000860063099750559,,,0.0037094722191082304,,,,1.333400011062622,0.0045034236367315645,0.00828782845818959,1.333400011062622,1.3281999826431274,1.333400011062622,27236.0,11635.9,2.340687011748124,0.8740464487813262,0.8406870117481242,0.23185592152980758,1.3386000394821167,1.3315452749530678
GBP/USD,long,volatility_breakout,2025-05-19 08:00:00,2025-05-23 08:00:00,1.3384,1.352816,0.0539,1.0771,take_profit,24,True,0.711321,1.3325,,False,never,True,0.45,A2,True,True,,,,,0.0008547597119675279,,,0.0036581974763009524,,,,1.3324999809265137,0.006584467997701844,0.00692164269256758,1.3324999809265137,1.325600028038025,1.3324999809265137,23803.0,11227.75,2.1200151410567565,0.6063425420039235,0.6200151410567565,0.2336559787996553,1.3393999338150024,1.3306708821883633
GBP/USD,long,volatility_breakout,2025-06-02 08:00:00,2025-06-03 04:00:00,1.3537,1.3504,-0.0122,-0.2438,flip_level,5,False,0.592985,1.3512,5.0,True,before_exit,True,0.45,A2,True,False,,,,,0.0006534700140856526,,,0.003436795966776808,,,,1.351199984550476,0.005376045520303825,0.007917877112071325,1.351199984550476,1.3449000120162964,1.351199984550476,19532.0,12081.65,1.6166665976915404,0.6764878104887566,0.11666659769154042,0.19013931010239984,1.3574999570846558,1.3494815865670877
GBP/USD,short,volatility_breakout,2025-06-10 04:00:00,2025-06-11 08:00:00,1.3474,1.354298,-0.0256,-0.512,stop_loss,7,False,0.825778,1.3508,7.0,True,before_exit,True,0.45,A2,True,False,,,,,-0.0007256528546862514,,,0.0034144046534704733,,,,1.3508000373840332,0.004653688094585999,0.0063554303294988315,1.3560999631881714,1.3508000373840332,1.3508000373840332,35694.0,13342.65,2.6751807174736655,0.7194955363058781,1.0,0.21252690537095023,1.345500111579895,1.3525072397107685
GBP/USD,short,volatility_breakout,2025-06-17 16:00:00,2025-06-20 08:00:00,1.3433,1.351595,-0.0309,-0.6175,stop_loss,16,False,0.809136,1.3518,24.0,False,after_exit,True,0.45,A2,True,False,,,,,-0.0013098701939535632,,,0.004305222384743901,,,,1.3517999649047852,0.0060878287304375,0.006215600389657283,1.3630000352859497,1.3517999649047852,1.3517999649047852,40656.0,13418.1,3.029937174413665,0.5674898436268476,1.0,0.3042514594821521,1.3405998945236206,1.3539525760971571
GBP/USD,short,volatility_breakout,2025-08-18 12:00:00,2025-08-19 00:00:00,1.3523,1.3526,-0.0011,-0.0222,flip_level,3,False,0.685729,1.3525,3.0,True,before_exit,True,0.45,A2,True,False,,,,,-0.0008898400669710262,,,0.0023680821922592824,,,,1.3524999618530273,0.004656244606057763,0.007742456698145777,1.3580000400543213,1.3524999618530273,1.3524999618530273,14767.0,8115.6,1.8195820395288087,0.7473444403368854,0.3195820395288087,0.3757640127018012,1.3469998836517334,1.353684002949157
GBP/USD,short,volatility_breakout,2025-10-21 12:00:00,2025-10-22 00:00:00,1.3389,1.3389,0.0,0.0,breakeven,3,True,0.743227,1.3391,,False,never,True,0.45,A2,True,False,,,,,-0.0007433439315227899,,,0.002842518041790664,,,,1.3391000032424927,0.003781398153865071,0.005705551276326678,1.3473000526428223,1.3391000032424927,1.3391000032424927,22396.0,10645.1,2.103878779908127,0.7651559382525952,0.6038787799081269,0.26150895811184205,1.330899953842163,1.340521262263388
GBP/USD,short,volatility_breakout,2025-10-28 12:00:00,2025-10-29 12:00:00,1.3277,1.31542,0.0462,0.9249,take_profit,6,True,0.794817,1.3306,,False,never,True,0.45,A2,True,True,,,,,-4.027175251005615e-05,,,0.0031369917720029325,,,,1.3306000232696533,0.004285288576578275,0.005418994571222577,1.3381999731063843,1.3306000232696533,1.3306000232696533,49120.0,12086.05,4.064189706314305,0.7144587137599214,1.0,0.012837697844627467,1.3230000734329224,1.3321685191556547
GBP/USD,short,volatility_breakout,2025-11-19 11:00:00,2025-11-24 23:00:00,1.3078,1.3121,-0.0164,-0.3288,flip_level,22,False,0.740214,1.3116,22.0,True,before_exit,True,0.45,A2,True,False,,,,,-0.0006619785568142951,,,0.0032351872878249796,,,,1.3115999698638916,0.003773402485726394,0.004798895026883336,1.319100022315979,1.3115999698638916,1.3115999698638916,26202.0,12283.1,2.1331748499971503,0.7561385688415998,0.6331748499971503,0.20461831044698006,1.3040999174118042,1.313217563507804
GBP/USD,long,volatility_breakout,2025-11-25 11:00:00,2025-12-02 15:00:00,1.3176,1.3219,0.0163,0.3264,time_stop,24,True,0.826654,1.3123,,False,never,True,0.45,A2,True,True,,,,,0.000891413574992875,,,0.00329542430305088,,,,1.3122999668121338,0.004945421174967255,0.0051482683041877255,1.3122999668121338,1.3078999519348145,1.3122999668121338,35454.0,12810.9,2.767487061798937,0.6803952162615876,1.0,0.27050039479517424,1.3166999816894531,1.3106522546606083
GBP/USD,short,volatility_breakout,2025-12-09 11:00:00,2025-12-09 23:00:00,1.3297,1.3324,-0.0102,-0.2031,flip_level,3,False,0.692171,1.3306,3.0,True,before_exit,True,0.45,A2,True,False,,,,,-0.0006941040391418931,,,0.0025233153238303674,,,,1.3306000232696533,0.004207150549667676,0.004520326856560964,1.3385000228881836,1.3306000232696533,1.3306000232696533,25231.0,13289.4,1.8985808238144688,0.7563226420883051,0.3985808238144688,0.27507621920523595,1.322700023651123,1.3318616809315684
GBP/USD,short,volatility_breakout,2025-12-30 11:00:00,2025-12-31 07:00:00,1.3472,1.3472,0.0,0.0,breakeven,5,True,0.847481,1.3476,10.0,False,after_exit,True,0.45,A2,True,False,,,,,-0.0005361082200123469,,,0.002644406240561755,,,,1.347599983215332,0.002661476017452681,0.004192302314252321,1.3526999950408936,1.347599983215332,1.347599983215332,21037.0,6364.8,3.3052099044746104,0.8353549044731571,1.0,0.20273292801580312,1.3424999713897705,1.348922186335613
GBP/USD,short,volatility_breakout,2026-02-05 07:00:00,2026-02-06 07:00:00,1.3612,1.3612,0.0,0.0,breakeven,6,True,0.734567,1.3622,12.0,False,after_exit,True,0.45,A2,True,False,,,,,-0.0007973114615459093,,,0.004002307123161834,,,,1.3622000217437744,0.006332363271957644,0.00706209308421992,1.3732000589370728,1.3622000217437744,1.3622000217437744,32812.0,15494.55,2.117647818103785,0.7513672632811976,0.617647818103785,0.19921296317610704,1.351199984550476,1.3642011753053553
GBP/USD,short,volatility_breakout,2026-02-17 03:00:00,2026-02-22 23:00:00,1.3562,1.3526,0.0133,0.2654,time_stop,24,True,0.589612,1.359,,False,never,True,0.45,A2,True,True,,,,,-0.00031230746048967813,,,0.003338586112243915,,,,1.3589999675750732,0.006064550124712524,0.006954781100940154,1.3660000562667847,1.3589999675750732,1.3589999675750732,19964.0,12533.8,1.5928130335572612,0.7618826290094567,0.09281303355726123,0.09354482705847342,1.3519998788833618,1.3606692606311952
GBP/USD,long,volatility_breakout,2026-02-25 15:00:00,2026-02-26 03:00:00,1.3551,1.3529,-0.0081,-0.1624,flip_level,3,False,0.638307,1.3535,3.0,True,before_exit,True,0.45,A2,True,False,,,,,0.0008047669718290137,,,0.0032577347299606423,,,,1.3535000085830688,0.0049029619704087325,0.006687975801641167,1.3535000085830688,1.3494999408721924,1.3535000085830688,19193.0,11141.3,1.7226894527568597,0.7278971665313874,0.2226894527568597,0.24703268944145626,1.3575000762939453,1.3518711412180886
GBP/USD,long,volatility_breakout,2026-04-08 04:00:00,2026-04-14 00:00:00,1.3422,1.3531,0.0406,0.8121,time_stop,24,True,0.635728,1.3344,,False,never,True,0.45,A2,True,True,,,,,0.0023504415884173825,,,0.004411741058336988,,,,1.3344000577926636,0.0076595079198950936,0.010344261237411011,1.3344000577926636,1.317199945449829,1.3344000577926636,21086.0,12561.05,1.678681320431015,0.5557117913514937,0.17868132043101492,0.532769615745169,1.351600170135498,1.332194187263495
GBP/USD,short,volatility_breakout,2026-04-20 12:00:00,2026-04-24 12:00:00,1.3539,1.3531,0.003,0.0591,time_stop,24,True,0.676959,1.3542,,False,never,True,0.45,A2,True,True,,,,,-0.0007124284462550646,,,0.0030876616408305863,,,,1.354200005531311,0.005376359360956462,0.007361365156903803,1.3588000535964966,1.354200005531311,1.354200005531311,23717.0,12684.3,1.8697917898504453,0.7495034097701874,0.36979178985044525,0.23073397578091492,1.3495999574661255,1.3557438363517262
GBP/USD,short,volatility_breakout,2026-06-17 16:00:00,2026-06-18 04:00:00,1.3284,1.3284,0.0,0.0,breakeven,3,True,0.836299,1.3387,,False,never,True,0.45,A2,True,False,,,,,-0.0011106117836504066,,,0.003664555573219154,,,,1.3387000560760498,0.0036648740666707616,0.004376140723015938,1.3411999940872192,1.3387000560760498,1.3387000560760498,55727.0,11620.65,4.79551488083713,0.704195794816927,1.0,0.303068615405055,1.3362001180648804,1.3405323338626594
GBP/USD,long,volatility_breakout,2026-08-10 12:00:00,2026-08-11 00:00:00,1.3525,1.3495,-0.0111,-0.2218,flip_level,3,False,0.825623,1.3506,3.0,True,before_exit,True,0.45,A2,True,False,,,,,0.0003409530563073101,,,0.0020377788482890892,,,,1.350600004196167,0.004856450235155043,0.004873737168718983,1.350600004196167,1.343400001525879,1.350600004196167,26264.0,8612.95,3.049361716949477,0.7526293570250833,1.0,0.16731602479512087,1.357800006866455,1.3495811147720225
GBP/USD,long,volatility_breakout,2026-08-14 08:00:00,2026-08-19 08:00:00,1.3535,1.361677,0.0302,0.6041,take_profit,19,True,0.575758,1.3509,,False,never,True,0.45,A2,True,True,,,,,9.687064910310242e-05,,,0.0019783745627366114,,,,1.3509000539779663,0.00323274654141374,0.0034966766493772865,1.3509000539779663,1.343400001525879,1.3509000539779663,11734.0,7659.75,1.531903782760534,0.802185135541682,0.03190378276053396,0.04896476679780237,1.3584001064300537,1.349910866696598
GBP/USD,long,volatility_breakout,2026-08-19 12:00:00,2026-08-25 08:00:00,1.3606,1.364,0.0125,0.2499,time_stop,24,True,0.828713,1.3571,,False,never,True,0.45,A2,True,True,,,,,0.00029280287777637653,,,0.0024066519472794217,,,,1.357100009918213,0.0032305555596382593,0.0034592714009021325,1.357100009918213,1.3518999814987183,1.357100009918213,48338.0,9727.4,4.9692620844213256,0.8023192038199696,1.0,0.12166398972122784,1.3623000383377075,1.3558966839445732
GBP/USD,short,volatility_breakout,2026-08-26 12:00:00,2026-08-28 08:00:00,1.3594,1.3594,0.0,0.0,breakeven,11,True,0.866133,1.3621,,False,never,True,0.45,A2,True,False,,,,,-0.0006595849461812655,,,0.0021534426482441816,,,,1.3621000051498413,0.0024359048975888323,0.003232527443236192,1.3659000396728516,1.3621000051498413,1.3621000051498413,37302.0,10088.0,3.6976605868358448,0.8509446407329038,1.0,0.30629324942508257,1.358299970626831,1.3631767264739634
XAU/USD,short,volatility_breakout,2024-11-06 03:00:00,2024-11-06 07:00:00,2734.399902,2672.617473,0.113,2.2595,take_profit,1,True,0.740011,2742.600098,,False,never,True,0.45,A2,True,True,,,,,-0.40675064121448923,,,13.679873423678274,,,,2742.60009765625,0.008177393172475667,0.012035810366967317,2757.5,2742.60009765625,2742.60009765625,62052.0,27267.3,2.2756928628797133,0.7081364675278676,0.7756928628797133,0.029733509120811824,2727.7001953125,2749.440034368089
XAU/USD,short,volatility_breakout,2024-11-06 11:00:00,2024-11-11 23:00:00,2684.699951,2611.689632,0.136,2.7195,take_profit,22,True,0.833839,2742.600098,,False,never,True,0.45,A2,True,True,,,,,-5.16579880719498,,,18.356631782167106,,,,2742.60009765625,0.008177393172475667,0.012035810366967317,2757.5,2742.60009765625,2742.60009765625,146579.0,34860.75,4.204700128367864,0.7081364675278676,1.0,0.28141321722285634,2727.7001953125,2751.7784135473335
XAU/USD,long,volatility_breakout,2024-12-04 11:00:00,2024-12-04 15:00:00,2679.699951,2673.899902,-0.0108,-0.2164,flip_level,1,False,0.808099,2678.399902,1.0,True,before_exit,True,0.45,A2,True,False,,,,,0.746514979911113,,,31.600562067144025,,,,2678.39990234375,0.012141498415251898,0.020830376848457514,2678.39990234375,2620.699951171875,2678.39990234375,71999.0,22227.95,3.239120116789897,0.7727782380429511,1.0,0.023623471580187027,2736.099853515625,2662.599621310178
XAU/USD,short,volatility_breakout,2024-12-18 15:00:00,2024-12-20 07:00:00,2619.399902,2652.100098,-0.0624,-1.2484,flip_level,10,False,0.819769,2647.899902,10.0,True,before_exit,True,0.45,A2,True,False,,,,,-2.432796627750731,,,20.56488502070489,,,,2647.89990234375,0.011194055370504963,0.011252229587427902,2683.39990234375,2647.89990234375,2647.89990234375,51615.0,20125.6,2.564644035457328,0.760121057938749,1.0,0.11829857669038131,2612.39990234375,2658.1823448541027
XAU/USD,long,volatility_breakout,2025-01-08 11:00:00,2025-01-08 19:00:00,2681.300049,2678.0,-0.0062,-0.1231,flip_level,2,False,0.812312,2678.5,2.0,True,before_exit,True,0.45,A2,True,False,,,,,1.794361959946161,,,12.428711141856784,,,,2678.5,0.012331816942140483,0.014229374479699573,2678.5,2625.199951171875,2678.5,70324.0,24555.1,2.8639264348343114,0.7032788001117263,1.0,0.1443723278677867,2731.800048828125,2672.2856444290715
XAU/USD,long,volatility_breakout,2025-01-22 11:00:00,2025-01-23 03:00:00,2770.699951,2758.699951,-0.0217,-0.4331,flip_level,4,False,0.772691,2759.199951,4.0,True,before_exit,True,0.45,A2,True,False,,,,,0.947905379802787,,,12.334470375761773,,,,2759.199951171875,0.012701570454749697,0.014043841914385347,2759.199951171875,2725.5,2759.199951171875,57858.0,23405.1,2.472025327813169,0.590785994574662,0.972025327813169,0.0768501079434669,2792.89990234375,2753.032715983994
XAU/USD,long,volatility_breakout,2025-02-10 11:00:00,2025-02-12 03:00:00,2936.399902,2905.600098,-0.0524,-1.0489,flip_level,10,False,0.809865,2906.0,10.0,True,before_exit,True,0.45,A2,True,False,,,,,2.79359743159114,,,34.46738256559159,,,,2906.0,0.011274422524617661,0.013823503904064768,2906.0,2836.300048828125,2906.0,128385.0,31977.9,4.01480397399454,0.7385367427303839,1.0,0.08105046637280654,2975.699951171875,2888.766308717204
XAU/USD,short,volatility_breakout,2025-03-10 16:00:00,2025-03-10 20:00:00,2890.5,2900.399902,-0.0171,-0.3425,flip_level,1,False,0.833383,2897.600098,1.0,True,before_exit,True,0.45,A2,True,False,,,,,-3.1034234933458524,,,16.21155438588452,,,,2897.60009765625,0.007525676192707679,0.009824639177050305,2938.800048828125,2897.60009765625,2897.60009765625,83491.0,30984.65,2.694592322327346,0.7733426215110938,1.0,0.19143281510673762,2856.400146484375,2905.7058748491922
XAU/USD,long,volatility_breakout,2025-03-27 12:00:00,2025-03-28 00:00:00,3063.100098,3120.003576,0.0929,1.8577,take_profit,3,True,0.630283,3038.399902,,False,never,True,0.45,A2,True,True,,,,,4.219662860893978,,,14.543236646400862,,,,3038.39990234375,0.007559822509770961,0.00857935801979147,3038.39990234375,3007.699951171875,3038.39990234375,48825.0,30261.65,1.6134282169015899,0.7920218557120107,0.11342821690158988,0.29014606332066073,3069.099853515625,3031.1282840205495
XAU/USD,long,volatility_breakout,2025-06-02 12:00:00,2025-06-06 08:00:00,3399.300049,3320.299596,-0.1162,-2.324,stop_loss,23,False,0.610911,3356.300049,23.0,True,before_exit,True,0.45,A2,True,False,,,,,8.287242686868746,,,39.66177109902897,,,,3356.300048828125,0.02596164266838828,0.026444690589890928,3356.300048828125,3283.0,3356.300048828125,54203.0,30703.45,1.7653716439032094,0.5661308840326431,0.26537164390320944,0.20894787240279447,3429.60009765625,3336.4691632786107
XAU/USD,long,volatility_breakout,2025-06-12 08:00:00,2025-06-18 04:00:00,3399.5,3400.399902,0.0013,0.0265,time_stop,24,False,0.591724,3370.399902,,False,never,True,0.45,A2,True,True,,,,,5.182409074154543,,,39.26731571033482,,,,3370.39990234375,0.012960001665834444,0.01724645179183176,3370.39990234375,3331.300048828125,3370.39990234375,45735.0,28280.45,1.6171949173368882,0.713143965265947,0.11719491733688825,0.13197767610049743,3409.499755859375,3350.7662444885827
XAU/USD,short,volatility_breakout,2025-06-24 04:00:00,2025-06-30 00:00:00,3343.899902,3304.0,0.0597,1.1932,time_stop,24,True,0.637995,3384.399902,,False,never,True,0.45,A2,True,True,,,,,-2.3394966492558016,,,24.097739451036222,,,,3384.39990234375,0.011624413213687821,0.014178461382931136,3413.800048828125,3384.39990234375,3384.39990234375,48161.0,26424.9,1.8225612963530609,0.7139598325820377,0.32256129635306086,0.09708365608356685,3354.999755859375,3396.448772069268
XAU/USD,short,volatility_breakout,2025-07-07 08:00:00,2025-07-07 12:00:00,3311.100098,3343.622062,-0.0491,-0.9822,stop_loss,1,False,0.624367,3337.199951,1.0,True,before_exit,True,0.45,A2,True,False,,,,,-5.1151437529427835,,,15.788738676255779,,,,3337.199951171875,0.010100045697840898,0.013788538112754581,3363.89990234375,3337.199951171875,3337.199951171875,34492.0,21127.8,1.6325410123155275,0.7131775598558683,0.1325410123155275,0.32397418551459706,3310.5,3345.094320510003
XAU/USD,short,volatility_breakout,2025-07-07 12:00:00,2025-07-07 16:00:00,3330.699951,3344.399902,-0.0206,-0.4113,flip_level,1,False,0.829846,3337.199951,1.0,True,before_exit,True,0.45,A2,True,False,,,,,-4.0338460317826375,,,16.260982091121438,,,,3337.199951171875,0.010100045697840898,0.013788538112754581,3363.89990234375,3337.199951171875,3337.199951171875,54131.0,20675.4,2.618135562068932,0.7131775598558683,1.0,0.24806902862190186,3310.5,3345.3304422174356
XAU/USD,long,volatility_breakout,2025-08-07 04:00:00,2025-08-11 00:00:00,3469.199951,3415.100098,-0.078,-1.5594,flip_level,12,False,0.597458,3439.5,12.0,True,before_exit,True,0.45,A2,True,False,,,,,0.39092516207595907,,,38.80270286511822,,,,3439.5,0.01185536524830896,0.013193426518092709,3439.5,3351.199951171875,3439.5,41813.0,24338.15,1.7180023954162498,0.7072291698040134,0.21800239541624977,0.010074688957489664,3527.800048828125,3420.0986485674407
XAU/USD,long,volatility_breakout,2025-09-15 12:00:00,2025-09-17 12:00:00,3720.5,3684.977932,-0.0477,-0.9548,stop_loss,12,False,0.809399,3695.5,14.0,False,after_exit,True,0.45,A2,True,False,,,,,0.23135767125459772,,,18.258051639145982,,,,3695.5,0.009294179580338329,0.00981288341687866,3695.5,3651.39990234375,3695.5,75985.0,29442.4,2.5808018368067818,0.7874936032120583,1.0,0.012671542168199249,3739.60009765625,3686.370974180427
XAU/USD,short,volatility_breakout,2025-11-04 11:00:00,2025-11-04 23:00:00,3966.5,3982.199951,-0.0198,-0.3958,flip_level,3,False,0.770811,3971.300049,3.0,True,before_exit,True,0.45,A2,True,False,,,,,-1.8896425798081395,,,39.01863975838042,,,,3971.300048828125,0.017139025498189492,0.02797941191228383,4043.10009765625,3971.300048828125,3971.300048828125,89709.0,38613.15,2.323275878813306,0.7886404845604438,0.8232758788133059,0.04842922745409859,3899.5,3990.809368707315
XAU/USD,long,volatility_breakout,2025-11-10 11:00:00,2025-11-12 11:00:00,4091.199951,4204.03911,0.1379,2.7581,take_profit,12,True,0.80654,4028.699951,,False,never,True,0.45,A2,True,True,,,,,11.075427071109806,,,27.710546598769426,,,,4028.699951171875,0.01938864864047314,0.022392488381494494,4028.699951171875,3971.300048828125,4028.699951171875,72373.0,31775.55,2.2776317011035214,0.760897993756348,0.7776317011035214,0.39968273565565987,4086.099853515625,4014.84467787249
XAU/USD,long,volatility_breakout,2025-11-24 15:00:00,2025-11-30 15:00:00,4117.399902,4256.551931,0.169,3.3796,take_profit,17,True,0.615429,4101.0,,False,never,True,0.45,A2,True,True,,,,,5.797011728651558,,,35.52553126222478,,,,4101.0,0.018473482776269694,0.020737719134119856,4101.0,4034.0,4101.0,67651.0,39524.8,1.7116089138970974,0.6902490466158868,0.21160891389709735,0.16317874842918031,4168.0,4083.2372343688876
XAU/USD,long,volatility_breakout,2025-12-05 11:00:00,2025-12-05 15:00:00,4275.0,4227.700195,-0.0553,-1.1064,flip_level,1,False,0.702828,4273.299805,1.0,True,before_exit,True,0.45,A2,True,False,,,,,0.6401245446486108,,,43.80517601732213,,,,4273.2998046875,0.011027695975200256,0.01936807355717984,4273.2998046875,4175.0,4273.2998046875,61193.0,29664.1,2.0628638657501828,0.7996023452954717,0.5628638657501828,0.0146129887572072,4371.599609375,4251.397216678839
XAU/USD,long,volatility_breakout,2025-12-11 11:00:00,2025-12-12 11:00:00,4285.399902,4285.399902,0.0,0.0,breakeven,6,True,0.818652,4273.299805,,False,never,True,0.45,A2,True,False,,,,,3.668330399944457,,,43.02961169632162,,,,4273.2998046875,0.011275861275652652,0.011761015330722671,4273.2998046875,4183.60009765625,4273.2998046875,75497.0,30084.2,2.5095232713517395,0.7793229435144443,1.0,0.08525130149519902,4362.99951171875,4251.784998839339
XAU/USD,long,volatility_breakout,2026-01-09 11:00:00,2026-01-14 07:00:00,4521.799805,4648.61228,0.1402,2.8045,take_profit,18,True,0.781365,4512.399902,,False,never,True,0.45,A2,True,True,,,,,2.727588324387318,,,31.649520014761574,,,,4512.39990234375,0.015713728681652526,0.015932920711296008,4512.39990234375,4415.0,4512.39990234375,74850.0,31463.25,2.3789659364496676,0.7434820759340247,0.8789659364496676,0.0861810328597448,4609.7998046875,4496.575142336369
XAU/USD,short,volatility_breakout,2026-01-16 11:00:00,2026-01-16 15:00:00,4574.600098,4595.399902,-0.0227,-0.4547,flip_level,1,False,0.844275,4584.0,1.0,True,before_exit,True,0.45,A2,True,False,,,,,-8.67840590965163,,,34.06158972173125,,,,4584.0,0.013459129762769915,0.01530693347107991,4650.5,4584.0,4584.0,112445.0,44198.05,2.544116765332407,0.7802871554915227,1.0,0.25478569792398204,4517.5,4601.030794860866
XAU/USD,long,volatility_breakout,2026-02-20 15:00:00,2026-02-26 11:00:00,5102.299805,5204.200195,0.0999,1.9971,time_stop,24,True,0.666505,5069.100098,,False,never,True,0.45,A2,True,True,,,,,12.09932802166102,,,50.678000484944405,,,,5069.10009765625,0.03694299045002263,0.037544794542046095,5069.10009765625,4900.0,5069.10009765625,32894.0,18270.45,1.8003935316316784,0.7779723133744569,0.30039353163167837,0.23874912004974486,5238.2001953125,5043.761097413778
XAU/USD,long,volatility_breakout,2026-02-27 15:00:00,2026-03-03 03:00:00,5267.899902,5267.899902,0.0,0.0,breakeven,10,True,0.61992,5237.299805,10.0,True,before_exit,True,0.45,A2,True,False,,,,,0.5471455161547105,,,43.05457817248274,,,,5237.2998046875,0.011469784887709679,0.020096932364374542,5237.2998046875,5144.7998046875,5237.2998046875,36426.0,22385.65,1.6272031412981083,0.9310664953299893,0.12720314129810828,0.012708184341343864,5329.7998046875,5215.772515601258
XAU/USD,long,volatility_breakout,2026-04-14 12:00:00,2026-04-15 08:00:00,4832.100098,4823.5,-0.0089,-0.178,flip_level,5,False,0.754882,4826.0,5.0,True,before_exit,True,0.45,A2,True,False,,,,,4.482577957252294,,,45.76466003574317,,,,4826.0,0.02378006214937502,0.029140582217006553,4826.0,4718.60009765625,4826.0,44113.0,19938.1,2.2124976803205922,0.8103271234235855,0.7124976803205922,0.09794845965754594,4933.39990234375,4803.117669982128
XAU/USD,short,volatility_breakout,2026-04-21 12:00:00,2026-04-27 08:00:00,4760.299805,4684.799805,0.0793,1.586,time_stop,24,False,0.827287,4807.899902,,False,never,True,0.45,A2,True,True,,,,,-7.565502049239372,,,43.53281834642335,,,,4807.89990234375,0.020344952917087714,0.02058913951602633,4861.2998046875,4807.89990234375,4807.89990234375,63304.0,21372.45,2.961943997997422,0.756095838449254,1.0,0.1737884735381704,4754.5,4829.666311516961
XAU/USD,short,volatility_breakout,2026-04-28 08:00:00,2026-04-30 04:00:00,4575.600098,4655.178044,-0.087,-1.7392,stop_loss,11,False,0.67701,4685.799805,,False,never,True,0.45,A2,True,False,,,,,-9.199325139303319,,,39.295839999292454,,,,4685.7998046875,0.015403228312945688,0.020068787500838795,4757.10009765625,4685.7998046875,4685.7998046875,32173.0,17462.95,1.842357677253843,0.7815241414181617,0.34235767725384303,0.23410430059438755,4614.49951171875,4705.447724687147
XAU/USD,short,volatility_breakout,2026-05-27 08:00:00,2026-05-28 08:00:00,4458.5,4512.5,-0.0606,-1.2112,flip_level,6,False,0.691457,4488.299805,6.0,True,before_exit,True,0.45,A2,True,False,,,,,-1.9337436170601503,,,36.497888925410216,,,,4488.2998046875,0.011339114145821534,0.01907708339989938,4543.60009765625,4488.2998046875,4488.2998046875,49992.0,25074.2,1.9937625128618262,0.8003460051617217,0.49376251286182615,0.05298234155438666,4432.99951171875,4506.548749150205
XAU/USD,long,volatility_breakout,2026-07-02 12:00:00,2026-07-08 04:00:00,4141.700195,4055.936786,-0.1035,-2.0707,stop_loss,18,False,0.823119,4078.100098,18.0,True,before_exit,True,0.45,A2,True,False,,,,,12.677357756937486,,,43.857205502098665,,,,4078.10009765625,0.02967008652760905,0.029981796684490924,4078.10009765625,3975.699951171875,4078.10009765625,58422.0,21581.1,2.7070909267831578,0.6487992462820573,1.0,0.2890598616989139,4180.500244140625,4056.1714949052007
XAU/USD,short,volatility_breakout,2026-07-13 16:00:00,2026-07-14 04:00:00,4009.399902,4038.100098,-0.0358,-0.7158,flip_level,3,False,0.642709,4032.5,3.0,True,before_exit,True,0.45,A2,True,False,,,,,-11.14643630108362,,,35.00510202921973,,,,4032.5,0.025444562666057297,0.02813934383218661,4148.39990234375,4032.5,4032.5,33594.0,18904.45,1.7770419134119215,0.6284243602204834,0.2770419134119215,0.31842319133306285,3916.60009765625,4050.0025510146097
XAU/USD,long,volatility_breakout,2026-08-05 12:00:00,2026-08-10 12:00:00,4293.600098,4445.525255,0.1769,3.5384,take_profit,19,True,0.844717,4180.200195,,False,never,True,0.45,A2,True,True,,,,,16.44169489399767,,,37.57983493607453,,,,4180.2001953125,0.01575970047119083,0.021003916977139662,4180.2001953125,4076.39990234375,4180.2001953125,77865.0,21774.8,3.575922626155005,0.6454478137896666,1.0,0.43751376029101624,4284.00048828125,4161.410277844463
XAU/USD,short,volatility_breakout,2026-08-26 12:00:00,2026-08-26 16:00:00,4651.600098,4677.5,-0.0278,-0.5568,flip_level,1,False,0.78003,4659.5,1.0,True,before_exit,True,0.45,A2,True,False,,,,,-13.091061295382467,,,37.80813792165746,,,,4659.5,0.016211328341605605,0.021541238472482693,4755.0,4659.5,4659.5,64795.0,29738.85,2.1787997854658134,0.7919644434627363,0.6787997854658134,0.34624982913754065,4564.0,4678.404068960829
